filename,words
image_33.png,TURKMENISTAN
image_34.png,TURKEY
image_35.png,SAPAROW SAPAR
image_36.png,EA2718AH/AH6672TR
image_37.png,SYGYR DERISI
image_38.png,"0,00"
image_39.png,"24000,00"
image_40.png,"14000,00"
image_41.png,"38000,00"
image_42.png,"16,5"
image_43.png,TURKMENISTAN
image_44.png,TURKEY
image_45.png,OWEZOW JANMYRAT
image_46.png,AU6968AH/AH6274TR
image_47.png,POTASSIUM CHLORIDE
image_48.png,"22372,00"
image_49.png,"22400,00"
image_50.png,"14000,00"
image_51.png,"36400,00"
image_52.png,"16,5"
image_53.png,TURKMENISTAN
image_54.png,TURKEY
image_55.png,BAYLYYEW YAZBERDI
image_56.png,5103AGI/6806TAG
image_57.png,ТРАНСФОРМАТОР
image_58.png,"5710,00"
image_59.png,"2710,00"
image_60.png,"14000,00"
image_61.png,"16710,00"
image_62.png,"16,5"
image_63.png,TURKMENISTAN
image_64.png,TURKEY
image_65.png,ANNAMUHAMMEDOW YLYAS
image_66.png,9273AGG/5341TAG
image_67.png,COTTON GREY CLOTH
image_68.png,"20845,00"
image_69.png,"20952,00"
image_70.png,"14000,00"
image_71.png,"34952,00"
image_72.png,"16,5"
image_73.png,TURKMENISTAN
image_74.png,TURKEY
image_75.png,OWEZNEPESOW CHARY
image_76.png,4294AGI/2674TAG
image_77.png,COTTON GREY CLOTH
image_78.png,"20868,00"
image_79.png,"20972,00"
image_80.png,"14000,00"
image_81.png,"34972,00"
image_82.png,"16,5"
image_83.png,TURKMENISTAN
image_84.png,TURKFY
image_85.png,ATAGELDIYEW DOWLETGELDI
image_86.png,4995AGG/4967TAG
image_87.png,COTTON GREY CLOTH
image_88.png,"20855,00"
image_89.png,"20921,00"
image_90.png,"14000,00"
image_91.png,"34921,00"
image_92.png,"16,5"
image_93.png,TURKMENISTAN
image_94.png,TURKEY
image_95.png,BABAGULYYEW BAYMYRAT
image_96.png,BG7570AG/AG4347TR
image_97.png,COTTON GREY CLOTH
image_98.png,"20856,00"
image_99.png,"20918,00"
image_100.png,"14000,00"
image_101.png,"34918,00"
image_102.png,"16,5"
image_103.png,TURKMENISTAN
image_104.png,TURKEY
image_105.png,OWEZNEPESOW DANATAR
image_106.png,9220AGG/4525TAG
image_107.png,COTTON GREY CLOTH
image_108.png,"18290,00"
image_109.png,"19344,00"
image_110.png,"14000,00"
image_111.png,"33344,00"
image_112.png,"16,"
image_113.png,TURKMENISTAN
image_114.png,TURKEY
image_115.png,SAHETMURADOW HANGELDI
image_116.png,6809AGF/5523TAG
image_117.png,COTTON YARN
image_118.png,"22006,00"
image_119.png,"22479,00"
image_120.png,"14000,00"
image_121.png,"36479,00"
image_122.png,"16,"
image_123.png,10
image_124.png,TURKMENISTAN
image_125.png,TURKEY
image_126.png,DALLAYEW BAYGELDI
image_127.png,BY135AH/AH5913TR
image_128.png,POLYPROPILENE
image_129.png,"22000,00"
image_130.png,"22506,00"
image_131.png,"14000,00"
image_132.png,"36506,00"
image_133.png,"16"
image_134.png,TURKMENISTAN
image_135.png,TURKEY
image_136.png,DURDYYEW AMANDURDY
image_137.png,3753AGI/189ATAG
image_138.png,МАСЛЕННЫЙ ФИЛЬТР
image_139.png,"2200,00"
image_140.png,"2202,00"
image_141.png,"14000,00"
image_142.png,"16202,00"
image_143.png,16
image_144.png,TURKMENISTAN
image_145.png,TURKEY
image_146.png,AMANGELDIYEV NURGELDI
image_147.png,BD7044BN/BN3723TR
image_148.png,POTASSIUM CHLORIDE
image_149.png,"21374,00"
image_150.png,"21400,00"
image_151.png,"14000,00"
image_152.png,"35400,00"
image_153.png,16
image_154.png,TURKMENISTAN
image_155.png,TURKEY
image_156.png,CAGIL BESHIR
image_157.png,01623FLA/016644BA
image_158.png,CIGARETTES WITH FILTERS
image_159.png,"16202,00"
image_160.png,"16202,00"
image_161.png,"14000,00"
image_162.png,"30202,00"
image_163.png,"16,5"
image_164.png,11
image_165.png,TURKMENISTAN
image_166.png,TURKEY
image_167.png,JANMYRADOV ISA
image_168.png,AK1885AH/AH4687TR
image_169.png,POLYPROPILENE
image_170.png,"24000,00"
image_171.png,"24552,00"
image_172.png,"14000,00"
image_173.png,"38552,00"
image_174.png,"16,5"
image_175.png,15
image_176.png,TURKMENISTAN
image_177.png,TURKEY
image_178.png,JANMYRADOV HASAN
image_179.png,AK5785AH/HI4912TR
image_180.png,POLYPROPILENE
image_181.png,"24000,00"
image_182.png,"24552,00"
image_183.png,"14000,00"
image_184.png,"38552,00"
image_185.png,"16,5"
image_186.png,16
image_187.png,TURKMENISTAN
image_188.png,TURKEY
image_189.png,AKGULYYEV AKMUHAMMET
image_190.png,1246AGI/682OTAG
image_191.png,PACKAGING FILM
image_192.png,"24025,00"
image_193.png,"24921,00"
image_194.png,"14000,00"
image_195.png,"38921,00"
image_196.png,"16,5"
image_197.png,17
image_198.png,TURKMENISTAN
image_199.png,TURKEY
image_200.png,HABYBYLLAYEV DAVUT
image_201.png,DI9384AH/AH6623TR
image_202.png,SYGYR DERISI
image_203.png,"24000,00"
image_204.png,"24000,00"
image_205.png,"14000,00"
image_206.png,"38000,06"
image_207.png,16
image_208.png,18
image_209.png,TURKMENISTAN
image_210.png,TURKEY
image_211.png,HABYBYLLAYEV HABIBULLA
image_212.png,1714AHE/1920TAH
image_213.png,COTTON YARN
image_214.png,"22000,00"
image_215.png,"22499,00"
image_216.png,"14006,00"
image_217.png,"36499,00"
image_218.png,16
image_219.png,19
image_220.png,TURKMENISTAN
image_221.png,TURKEY
image_222.png,OVEZOV DAVUT
image_223.png,AK7520AH/AH4327TR
image_224.png,TEXTIIE WASTE
image_225.png,"14922,06"
image_226.png,"14984,00"
image_227.png,"14000,00"
image_228.png,"28984,00"
image_229.png,16
image_230.png,20
image_231.png,TURKMENISTAN
image_232.png,TURKEY
image_233.png,OVEZOV GYLYCHNYYAZ
image_234.png,EA4155AH/AH4354TR
image_235.png,SKINS OF CATTLE
image_236.png,"24000,00"
image_237.png,"24000,00"
image_238.png,"14000,00"
image_239.png,"38000,00"
image_240.png,16
image_241.png,21
image_242.png,TURKMENISTAN
image_243.png,TURKEY
image_244.png,OVEZOV GYLYCHNYYAZ
image_245.png,BS5738AH/AH6028TR
image_246.png,SKINS OF CATTLE
image_247.png,"21000,00"
image_248.png,"24000,00"
image_249.png,"14000,00"
image_250.png,"38000,00"
image_251.png,"16,5"
image_252.png,22
image_253.png,TURKMENISTAN
image_254.png,TURKEY
image_255.png,ORAZMUHAMMEDOV OMAR
image_256.png,EA1340AH/AH6013TR
image_257.png,SYGYR DERISI
image_258.png,"24000,00"
image_259.png,"24000,00"
image_260.png,"14000,00"
image_261.png,"38000,00"
image_262.png,"16,5"
image_263.png,25
image_264.png,TURKMENISTAN
image_265.png,TURKEY
image_266.png,AT-ABRAY
image_267.png,76AAL587
image_268.png,PAMUKLU CUBUK
image_269.png,"7963,00"
image_270.png,"10272,00"
image_271.png,"7000,00"
image_272.png,"17272,00"
image_273.png,"13,5"
image_274.png,24
image_275.png,TURKMENISTAN
image_276.png,TURKEY
image_277.png,AT-ABRAY
image_278.png,76AAL586
image_279.png,ПОРОЖНИЙ
image_280.png,"0,00"
image_281.png,"0,00"
image_282.png,"7000,00"
image_283.png,"7000,00"
image_284.png,"13,5"
image_285.png,25
image_286.png,TURKMENISTAN
image_287.png,TURKEY
image_288.png,AT-ABRAY
image_289.png,76DA856
image_290.png,ПОРОЖНИЙ
image_291.png,"0,00"
image_292.png,"0,0O"
image_293.png,"7000,00"
image_294.png,"7000,00"
image_295.png,"13,5"
image_296.png,26
image_297.png,TURKMENISTAN
image_298.png,TURKEY
image_299.png,AT-ABRAY
image_300.png,76AAJ992
image_301.png,ПОРОЖНИЙ
image_302.png,00
image_303.png,00
image_304.png,"7000,00"
image_305.png,"7000,00"
image_306.png,"13,5"
image_307.png,27
image_308.png,TURKMENISTAN
image_309.png,TURKEY
image_310.png,AT-ABRAY
image_311.png,LDOO2T
image_312.png,ПОРОЖНИЙ
image_313.png,00
image_314.png,"0,00"
image_315.png,"7000,00"
image_316.png,"7000,00"
image_317.png,"13,5"
image_318.png,28
image_319.png,TURKMENISTAN
image_320.png,TURKEY
image_321.png,AT-ABRAY
image_322.png,34ZU1807
image_323.png,ПОРОЖНИЙ
image_324.png,"0,00"
image_325.png,"0,00"
image_326.png,"7000,00"
image_327.png,"7000,00"
image_328.png,"15,5"
image_329.png,29
image_330.png,TURKMENISTAN
image_331.png,TURKEY
image_332.png,AT-ABRAY
image_333.png,31ZD323
image_334.png,ПОРОЖНИЙ
image_335.png,"0,00"
image_336.png,"0,00"
image_337.png,"7000,00"
image_338.png,"7000,00"
image_339.png,"13,5"
image_340.png,30
image_341.png,TURKMENISTAN
image_342.png,TURKEY
image_343.png,AT-ABRAY
image_344.png,31AKZ225
image_345.png,ПОРОЖНИЙ
image_346.png,"0,00"
image_347.png,"0,00"
image_348.png,"7000,00"
image_349.png,"7000,00"
image_350.png,"13,5"
image_351.png,TURKMENISTAN
image_352.png,AZERBAYJAN
image_353.png,HAZAR LOGISTIK
image_354.png,2553TMR
image_355.png,БУМАГA
image_356.png,"21500,00"
image_357.png,"21500,00"
image_358.png,"7000,00"
image_359.png,"28500,00"
image_360.png,"15,5"
image_361.png,32
image_362.png,TURKMENISTAN
image_363.png,GEORGIA
image_364.png,HAZAR LOGISTIK
image_365.png,2471TMR
image_366.png,CARBON BLACK
image_367.png,"21000,00"
image_368.png,"22071,00"
image_369.png,"7000,00"
image_370.png,"29071,00"
image_371.png,"13,5"
image_372.png,33
image_373.png,TURKMENISTAN
image_374.png,GEORGIA
image_375.png,HAZAR LOGISTIK
image_376.png,2604TMR
image_377.png,CARBON BLACK
image_378.png,"21000,00"
image_379.png,"22071,00"
image_380.png,"7000,00"
image_381.png,"29071,00"
image_382.png,"13,5"
image_383.png,34
image_384.png,TURKMENISTAN
image_385.png,AZERBAYJAN
image_386.png,HAZAR LOGISTIK
image_387.png,2713TMR
image_388.png,COTTON WASTE
image_389.png,"19560,00"
image_390.png,"19710,00"
image_391.png,"7000,00"
image_392.png,"26710,00"
image_393.png,"13,5"
image_394.png,35
image_395.png,TURKMENISTAN
image_396.png,TURKEY
image_397.png,HALKARA DOSTLUK
image_398.png,76AAG972
image_399.png,ПОРОЖНИЙ
image_400.png,"0,00"
image_401.png,"0,00"
image_402.png,"7000,00"
image_403.png,"7000,00"
image_404.png,"13,5"
image_405.png,36
image_406.png,TURKMENISTAN
image_407.png,TURKEY
image_408.png,HALKARA DOSTIUK
image_409.png,76AAR617
image_410.png,COTTON YARN
image_411.png,",00"
image_412.png,"17957,00"
image_413.png,"7000,00"
image_414.png,"24957,00"
image_415.png,"13,5"
image_416.png,37
image_417.png,TURKMENISTAN
image_418.png,TURKEY
image_419.png,HALKARA DOSTLUK
image_420.png,76AAR995
image_421.png,ПОРОЖНИЙ
image_422.png,",00"
image_423.png,"0,00"
image_424.png,"7000,00"
image_425.png,"7000,00"
image_426.png,"13,5"
image_427.png,38
image_428.png,TURKMENISTAN
image_429.png,TURKEY
image_430.png,HALKARA DOSTLUK
image_431.png,76AAG399
image_432.png,COTTON YARN
image_433.png,"0,00"
image_434.png,"20807,00"
image_435.png,"7000,00"
image_436.png,"27807,00"
image_437.png,"13,5"
image_481.png,TURKMENISTAN
image_482.png,TURKEY
image_483.png,JANMYRADOW SHAMYRAT
image_484.png,BS4246AH/AH3735TR
image_485.png,SYGYR DERI
image_486.png,"0,00"
image_487.png,"24000,00"
image_488.png,"14000,00"
image_489.png,"38000,00"
image_490.png,"16,5"
image_491.png,2
image_492.png,TURKMENISTAN
image_493.png,TURKEY
image_494.png,HERIYEV ARSLAN
image_495.png,EA1670AH/AH6674TR
image_496.png,SYGYR DERI
image_497.png,"0,00"
image_498.png,"24000,00"
image_499.png,"14000,00"
image_500.png,"38000,00"
image_501.png,"16,5"
image_502.png,3
image_503.png,TURKMENISTAN
image_504.png,TURKEY
image_505.png,HOJAMOW ARSLAN
image_506.png,BM5336AG/AG2560TR
image_507.png,SYGYR DERI
image_508.png,"0,00"
image_509.png,"24000,00"
image_510.png,"14000,00"
image_511.png,"38000,00"
image_512.png,"16,5"
image_513.png,TURKMENISTAN
image_514.png,TURKEY
image_515.png,JANDURDYYEW TOYLY
image_516.png,EA1519AH/AH6653TR
image_517.png,SYGYR DERI
image_518.png,"0,00"
image_519.png,"24000,00"
image_520.png,"14000,00"
image_521.png,"38000,00"
image_522.png,"16,5"
image_523.png,5
image_524.png,TURKMENISTAN
image_525.png,TURKEY
image_526.png,OVEZOW IBRAGIM
image_527.png,AS8799AH/AH2086TR
image_528.png,SYGYR DERI
image_529.png,"0,00"
image_530.png,"24000,00"
image_531.png,"14000,00"
image_532.png,"38000,00"
image_533.png,"16,5"
image_534.png,6
image_535.png,TURKMENISTAN
image_536.png,TURKEY
image_537.png,SEYITNAZAROW MAKSAT
image_538.png,3811AGG/1502TAG
image_539.png,SYGYR DERI
image_540.png,"0,00"
image_541.png,"24000,00"
image_542.png,"14000,00"
image_543.png,"38000,00"
image_544.png,"16,5"
image_545.png,TURKMENISTAN
image_546.png,TURKEY
image_547.png,BONDAR DZIMITRY
image_548.png,WGM36704/WGM7399P
image_549.png,POLESTYR MATA
image_550.png,"0,00"
image_551.png,"22580,00"
image_552.png,"14000,00"
image_553.png,"36580,00"
image_554.png,"16,5"
image_555.png,8
image_556.png,TURKMENISTAN
image_557.png,AZERBAIJAN
image_558.png,AT-ABRAY
image_559.png,33DHA83
image_560.png,ПОРОЖНИЙ
image_561.png,"0,00"
image_562.png,"0,00"
image_563.png,"7000,00"
image_564.png,"7000,00"
image_565.png,"13,5"
image_566.png,TURKMENISTAN
image_567.png,AZERBAIJAN
image_568.png,AT-ABRAY
image_569.png,33R9293
image_570.png,ПОРОЖНИЙ
image_571.png,"0,00"
image_572.png,"0,00"
image_573.png,"7000,00"
image_574.png,"7000,00"
image_575.png,"13,5"
image_576.png,10
image_577.png,TURKMENISTAN
image_578.png,AZERBAIJAN
image_579.png,AT-ABRAY
image_580.png,76DN854
image_581.png,ПОРОЖНИЙ
image_582.png,"0,00"
image_583.png,"0,00"
image_584.png,"7000,00"
image_585.png,"7000,00"
image_586.png,"13,5"
image_587.png,TURKMENISTAN
image_588.png,AZERBAIJAN
image_589.png,AT-ABRAY
image_590.png,16TM998
image_591.png,ПОРОЖНИЙ
image_592.png,"0,00"
image_593.png,"0,00"
image_594.png,"7000,00"
image_595.png,"7000,00"
image_596.png,"13,5"
image_597.png,12
image_598.png,TURKMENISTAN
image_599.png,AZERBAIJAN
image_600.png,AT-ABRAY
image_601.png,33ELR21
image_602.png,ПОРОЖНИЙ
image_603.png,"0,00"
image_604.png,"0,00"
image_605.png,"7000,00"
image_606.png,"7000,00"
image_607.png,"13,5"
image_608.png,13
image_609.png,TURKMENISTAN
image_610.png,AZERBAIJAN
image_611.png,AT-ABRAY
image_612.png,33CUN85
image_613.png,ПОРОЖНИЙ
image_614.png,"0,00"
image_615.png,"0,00"
image_616.png,"7000,00"
image_617.png,"7000,00"
image_618.png,"13,5"
image_619.png,14
image_620.png,TURKMENISTAN
image_621.png,AZERBAIJAN
image_622.png,AT-ABRAY
image_623.png,33ADF107
image_624.png,ПОРОЖНИЙ
image_625.png,"0,00"
image_626.png,"0,00"
image_627.png,"7000,00"
image_628.png,"7000,00"
image_629.png,"13,5"
image_630.png,15
image_631.png,TURKMENISTAN
image_632.png,AZERBAIJAN
image_633.png,AT-ABRAY
image_634.png,76AAJ598
image_635.png,ПОРОЖНИЙ
image_636.png,"0,00"
image_637.png,"0,00"
image_638.png,"7000,00"
image_639.png,"7000,00"
image_640.png,"13,5"
image_641.png,16
image_642.png,TURKMENISTAN
image_643.png,AZERBAIJAN
image_644.png,AT-ABRAY
image_645.png,33B7448
image_646.png,ПОРОЖНИЙ
image_647.png,"0,00"
image_648.png,"0,00"
image_649.png,"7000,00"
image_650.png,"7000,00"
image_651.png,"13,5"
image_652.png,17
image_653.png,TURKMENISTAN
image_654.png,AZERBAIJAN
image_655.png,HALKARA DOSTLUK
image_656.png,76AAV500
image_657.png,ПОРОЖНИЙ
image_658.png,"0,00"
image_659.png,"0,00"
image_660.png,"7000,00"
image_661.png,"7000,00"
image_662.png,"13,5"
image_663.png,18
image_664.png,TURKMENISTAN
image_665.png,AZERBAIJAN
image_666.png,HALKARA DOSTLUK
image_667.png,76AAR454
image_668.png,ПОРОЖНИЙ
image_669.png,"0,00"
image_670.png,"0,00"
image_671.png,"7000,00"
image_672.png,"7000,00"
image_673.png,"13,5"
image_674.png,19
image_675.png,TURKMENISTAN
image_676.png,AZERBAIJAN
image_677.png,MEREDOW YU
image_678.png,BN4194TR
image_679.png,ПОРОЖНИЙ
image_680.png,"0,00"
image_681.png,"0,00"
image_682.png,"7000,00"
image_683.png,"7000,00"
image_684.png,"13,5"
image_685.png,20
image_686.png,TURKMENISTAN
image_687.png,AZERBAIJAN
image_688.png,MEREDOW YU
image_689.png,BN5313TR
image_690.png,ПОРОЖНИЙ
image_691.png,"0,00"
image_692.png,"0,00"
image_693.png,"7000,00"
image_694.png,"7000,00"
image_695.png,"13,5"
image_696.png,21
image_697.png,TURKMENISTAN
image_698.png,GEORGIA
image_699.png,RAHYMOW ABDY
image_700.png,3238TAG
image_701.png,ПЛАСТИК
image_702.png,"10109,00"
image_703.png,"10152,00"
image_704.png,"7000,00"
image_705.png,"17152,00"
image_706.png,"13,5"
image_707.png,22
image_708.png,TURKMENISTAN
image_709.png,GEORGIA
image_710.png,RAHYMOW ABDY
image_711.png,AH1683TR
image_712.png,ПЛАСТИК
image_713.png,"10102,00"
image_714.png,"10394,00"
image_715.png,"7000,00"
image_716.png,"17394,00"
image_717.png,"13,5"
image_718.png,23
image_719.png,TURKMENISTAN
image_720.png,TURKEY
image_721.png,HEMRAYEW BATYR
image_722.png,6099LBB/2610TLB
image_723.png,BITUMINOUS
image_724.png,"0,00"
image_725.png,"23870,00"
image_726.png,"14000,00"
image_727.png,"37870,00"
image_728.png,"16,5"
image_729.png,24
image_730.png,TURKMENISTAN
image_731.png,TURKEY
image_732.png,BALLYYEW GUWANC
image_733.png,2452AHE/1892TAH
image_734.png,COTTON YARN
image_735.png,"22500,00"
image_736.png,"23017,00"
image_737.png,"14000,00"
image_738.png,"37017,00"
image_739.png,"16,5"
image_740.png,25
image_741.png,TURKMENISTAN
image_742.png,TURKEY
image_743.png,SAPARMYRADOW GELIMYRAT
image_744.png,BM9547MR/MR2041TR
image_745.png,ПЛАСТИКОВЫЕ ТРУБЫ
image_746.png,"8989,00"
image_747.png,"9095,00"
image_748.png,"14000,00"
image_749.png,"23095,00"
image_750.png,"16,5"
image_751.png,26
image_752.png,TURKMENISTAN
image_753.png,TURKEY
image_754.png,HALKARA DOSTLUK
image_755.png,76AAN220
image_756.png,ПОРОЖНИЙ
image_757.png,"0,00"
image_758.png,"0,00"
image_759.png,"7000,00"
image_760.png,"7000,00"
image_761.png,"13,5"
image_762.png,27
image_763.png,TURKMENISTAN
image_764.png,TURKEY
image_765.png,HALKARA DOSTLUK
image_766.png,76AAN221
image_767.png,ПОРОЖНИЙ
image_768.png,"0,00"
image_769.png,"0,00"
image_770.png,"7000,00"
image_771.png,"7000,00"
image_772.png,"13,5"
image_773.png,28
image_774.png,TURKMENISTAN
image_775.png,TURKEY
image_776.png,HALKARA DOSTLUK
image_777.png,76AAN581
image_778.png,ПОРОЖНИЙ
image_779.png,"0,00"
image_780.png,"0,00"
image_781.png,"7000,00"
image_782.png,"7000,00"
image_783.png,"13,5"
image_784.png,29
image_785.png,TURKMENISTAN
image_786.png,TURKEY
image_787.png,HALKARA DOSTLUK
image_788.png,76AAS933
image_789.png,ПОРОЖНИЙ
image_790.png,"0,00"
image_791.png,"0,00"
image_792.png,"7000,00"
image_793.png,"7000,00"
image_794.png,"13,5"
image_795.png,30
image_796.png,TURKMENISTAN
image_797.png,TURKEY
image_798.png,"KOMEKOW ,M"
image_799.png,2604TMR
image_800.png,АРАХИС ОЧИЩЕННЫЙ
image_801.png,"24000,00"
image_802.png,"24050,00"
image_803.png,"7000,00"
image_804.png,"31050,00"
image_805.png,"13,5"
image_806.png,31
image_807.png,TURKMENISTAN
image_808.png,TURKEY
image_809.png,"KOMEKOW ,M"
image_810.png,2495TMR
image_811.png,СУХОФРУКТЫ
image_812.png,"21651,00"
image_813.png,"23698,00"
image_814.png,"7000,00"
image_815.png,"30698,00"
image_816.png,"13,5"
image_817.png,32
image_818.png,TURKMENISTAN
image_819.png,TURKEY
image_820.png,"KOMEKOW ,M"
image_821.png,2591TMR
image_822.png,СУХОФРУКТЫ
image_823.png,"21400,00"
image_824.png,"22136,00"
image_825.png,"7000,00"
image_826.png,"29136,00"
image_827.png,"13,5"
image_828.png,33
image_829.png,TURKMENISTAN
image_830.png,TURKEY
image_831.png,GELDIGURBANOV DILEG
image_832.png,05FF139
image_833.png,ПОРОЖНИЙ
image_834.png,"0,00"
image_835.png,"0,00"
image_836.png,"7000,00"
image_837.png,"7000,00"
image_838.png,"13,5"
image_839.png,34
image_840.png,TURKMENISTAN
image_841.png,GEORGIA
image_842.png,WELIYEW ORAZDURDY
image_843.png,TDG9660
image_844.png,ПОРОЖНИЙ
image_845.png,"0,00"
image_846.png,0.00
image_847.png,"12270,00"
image_848.png,12270.00
image_849.png,"8,5"
image_850.png,35
image_851.png,TURKMENISTAN
image_852.png,GEORGIA
image_853.png,GURBANTAGANOW BAHREDIN
image_854.png,TDG6523
image_855.png,ПОРОЖНИЙ
image_856.png,"0,00"
image_857.png,0.00
image_858.png,"12270,00"
image_859.png,"12270,00"
image_860.png,"8,5"
image_861.png,36
image_862.png,TURKMENISTAN
image_863.png,GEORGIA
image_864.png,MEREDOW
image_865.png,ANNAMYRAT
image_866.png,TDG5761
image_867.png,.
image_868.png,ПОРОЖНИЙ
image_869.png,"0,00"
image_870.png,"0,00"
image_871.png,"12270,00"
image_872.png,"12270,00"
image_873.png,"8,5"
image_874.png,37
image_875.png,TURKMENISTAN
image_876.png,TURKEY
image_877.png,GURBANMYRADOW MEKAN
image_878.png,СУХОФРУКТЫ
image_879.png,"22500,00"
image_880.png,"23512,00"
image_881.png,"12270,00"
image_882.png,"35782,00"
image_883.png,"16,5"
image_884.png,JEMI:37
image_885.png,BT2621AG/AG1342TR
image_886.png,"141251,00"
image_887.png,"336504,00"
image_888.png,"350080,00"
image_889.png,"686584,00"
image_890.png,"517,5"
image_1038.png,TURKMENISTAN
image_1039.png,TURKEY
image_1040.png,RAHYMOV ABDYLSETDAR
image_1041.png,3052TMR
image_1042.png,DRIED
image_1043.png,"19492,00"
image_1044.png,"22792,00"
image_1045.png,"7000,00"
image_1046.png,"29792,00"
image_1047.png,"13,5"
image_1048.png,2
image_1049.png,TURKME
image_1050.png,ISTAN
image_1051.png,TURKEY
image_1052.png,BASHIMOW SHAMUHAMMET
image_1053.png,4803AHE/2138TAH
image_1054.png,COMMERCIAL
image_1055.png,"21683,00"
image_1056.png,"23050,00"
image_1057.png,"14000,00"
image_1058.png,"37050,00"
image_1059.png,"16,5"
image_1060.png,3
image_1061.png,TURKMENISTAN
image_1062.png,TURKEY
image_1063.png,SAPARMYRADOW GELDIMYRAT
image_1064.png,BM9547MR/MR2O41TR
image_1065.png,OILFIELD EOUIPMENT
image_1066.png,"0,00"
image_1067.png,"6000,00"
image_1068.png,"14000,00"
image_1069.png,"20000,00"
image_1070.png,"16,5"
image_1071.png,4
image_1072.png,TURKMENISTAN
image_1073.png,TURKEY
image_1074.png,KAZIMOW RUSLAN
image_1075.png,AZ8095MR/MR3023TR
image_1076.png,СУХОПРОДУКТЫ
image_1077.png,"22000,00"
image_1078.png,"23320,00"
image_1079.png,"14000,00"
image_1080.png,"37320,00"
image_1081.png,"16,5"
image_1082.png,5
image_1083.png,TURKMENISTAN
image_1084.png,TURKEY
image_1085.png,MEREDOW YU
image_1086.png,BN4194TR
image_1087.png,PLASTIC PRODUCT
image_1088.png,"8949,00"
image_1089.png,"9344,00"
image_1090.png,"7000,00"
image_1091.png,"16344,00"
image_1092.png,"13,5"
image_1093.png,6
image_1094.png,TURKMENISTAN
image_1095.png,TURKEY
image_1096.png,HALKARA DOSTLUK
image_1097.png,76AAS534
image_1098.png,ПОРОЖНЫЙ
image_1099.png,"0,00"
image_1100.png,"0,00"
image_1101.png,"7000,00"
image_1102.png,"7000,00"
image_1103.png,"13,5"
image_1104.png,TURKMENISTAN
image_1105.png,TURKEY
image_1106.png,HALKARA DOSTLUK
image_1107.png,76AAF302
image_1108.png,ПОРОЖНЫЙ
image_1109.png,"0,00"
image_1110.png,"0,00"
image_1111.png,"7000,00"
image_1112.png,"7000,00"
image_1113.png,"13,5"
image_1114.png,8
image_1115.png,TURKMENISTAN
image_1116.png,TURKEY
image_1117.png,HALKARA DOSTLUK
image_1118.png,76AAS6O9
image_1119.png,ПОРОЖНЫЙ
image_1120.png,"0,00"
image_1121.png,"0,00"
image_1122.png,"7000,00"
image_1123.png,"7000,00"
image_1124.png,"13,5"
image_1125.png,TURKMENISTAN
image_1126.png,TURKEY
image_1127.png,HALKARA DOSTLUK
image_1128.png,76AAY433
image_1129.png,ПОРОЖНЫЙ
image_1130.png,"0,00"
image_1131.png,"0,00"
image_1132.png,"7000,00"
image_1133.png,"7000,00"
image_1134.png,"13,5"
image_1135.png,10
image_1136.png,TURKMENISTAN
image_1137.png,TURKEY
image_1138.png,AT-ABRAY
image_1139.png,EA3571AH/AH4653TR
image_1140.png,POLYPROPYLENE
image_1141.png,"23456,00"
image_1142.png,"23543,00"
image_1143.png,"14000,00"
image_1144.png,"37543,00"
image_1145.png,"16,5"
image_1146.png,TURKMENISTAN
image_1147.png,TURKEY
image_1148.png,AT-ABRAY
image_1149.png,BE2129AH/AH6690TR
image_1150.png,KALIY
image_1151.png,"22372,00"
image_1152.png,"22400,00"
image_1153.png,"14000,00"
image_1154.png,"36400,00"
image_1155.png,"16,5"
image_1156.png,12
image_1157.png,TURKMENISTAN
image_1158.png,TURKEY
image_1159.png,AT-ABRAY
image_1160.png,AN4875AH/AH5646TR
image_1161.png,KALIY
image_1162.png,"22821,00"
image_1163.png,"22850,00"
image_1164.png,"14000,00"
image_1165.png,"36850,00"
image_1166.png,"16,5"
image_1167.png,13
image_1168.png,TURKMENISTAN
image_1169.png,TURKEY
image_1170.png,AT-ABRAY
image_1171.png,AS2957AH/AH2687TR
image_1172.png,KALIY
image_1173.png,"22571,00"
image_1174.png,"22600,00"
image_1175.png,"14000,00"
image_1176.png,"36600,00"
image_1177.png,"16,5"
image_1178.png,14
image_1179.png,TURKMENISTAN
image_1180.png,TURKEY
image_1181.png,AT-ABRAY
image_1182.png,BS2372AH/AH6491TR
image_1183.png,SESAME ROASTED
image_1184.png,"0,00"
image_1185.png,"24040,00"
image_1186.png,"14000,00"
image_1187.png,"38040,00"
image_1188.png,"16,5"
image_1189.png,15
image_1190.png,TURKMENISTAN
image_1191.png,TURKEY
image_1192.png,AT-ABRAY
image_1193.png,BS3549AH/AH2O24TR
image_1194.png,SESAME ROASTED
image_1195.png,"0,00"
image_1196.png,"24040,00"
image_1197.png,"14000,00"
image_1198.png,"38040,00"
image_1199.png,"16,5"
image_1200.png,16
image_1201.png,TURKMENISTAN
image_1202.png,TURKEY
image_1203.png,AT-ABRAY
image_1204.png,34SM1142/34TL3386
image_1205.png,ПОРОЖНЫЙ
image_1206.png,"0,00"
image_1207.png,"0,00"
image_1208.png,"14000,00"
image_1209.png,"14000,00"
image_1210.png,"16,5"
image_1211.png,17
image_1212.png,TURKMENISTAN
image_1213.png,TURKEY
image_1214.png,AT-ABRAY
image_1215.png,31RY872
image_1216.png,ПОРОЖНЫЙ
image_1217.png,"0,00"
image_1218.png,"0,00"
image_1219.png,"7000,00"
image_1220.png,"7000,00"
image_1221.png,"13,5"
image_1222.png,18
image_1223.png,TURKMENISTAN
image_1224.png,TURKEY
image_1225.png,AT-ABRAY
image_1226.png,31R5711
image_1227.png,ПОРОЖНЫЙ
image_1228.png,"0,00"
image_1229.png,"0,00"
image_1230.png,"7000,00"
image_1231.png,"7000,00"
image_1232.png,"13,5"
image_1233.png,19
image_1234.png,TURKMENISTAN
image_1235.png,TURKEY
image_1236.png,AT-ABRAY
image_1237.png,31E9623
image_1238.png,ПОРОЖНЫЙ
image_1239.png,"0,00"
image_1240.png,"0,00"
image_1241.png,"7000,00"
image_1242.png,"7000,00"
image_1243.png,"13,5"
image_1244.png,20
image_1245.png,TURKMENISTAN
image_1246.png,TURKEY
image_1247.png,AT-ABRAY
image_1248.png,31ED370
image_1249.png,ПОРОЖНЫЙ
image_1250.png,"0,00"
image_1251.png,"0,00"
image_1252.png,"7000,00"
image_1253.png,"7000,00"
image_1254.png,"13,5"
image_1255.png,21
image_1256.png,TURKMENISTAN
image_1257.png,TURKEY
image_1258.png,AT-ABRAY
image_1259.png,31AKZ225
image_1260.png,ПОРОЖНЫЙ
image_1261.png,"0,00"
image_1262.png,"0,00"
image_1263.png,"7000,00"
image_1264.png,"7000,00"
image_1265.png,"13,5"
image_1266.png,22
image_1267.png,TURKMENISTAN
image_1268.png,TURKEY
image_1269.png,AT-ABRAY
image_1270.png,34NS6659
image_1271.png,ПОРОЖНЫЙ
image_1272.png,"0,00"
image_1273.png,"0,00"
image_1274.png,"7000,00"
image_1275.png,"7000,00"
image_1276.png,"13,5"
image_1277.png,23
image_1278.png,TURKMENISTAN
image_1279.png,TURKEY
image_1280.png,AT-ABRAY
image_1281.png,76AAL586
image_1282.png,ПОРОЖНЫЙ
image_1283.png,"0,00"
image_1284.png,"0,00"
image_1285.png,"7000,00"
image_1286.png,"7000,00"
image_1287.png,"13,5"
image_1288.png,24
image_1289.png,TURKMENISTAN
image_1290.png,TURKEY
image_1291.png,AT-ABRAY
image_1292.png,76AAL786
image_1293.png,ПОРОЖНЫЙ
image_1294.png,"0,00"
image_1295.png,"0,00"
image_1296.png,"7000,00"
image_1297.png,"7000,00"
image_1298.png,"13,5"
image_1299.png,25
image_1300.png,TURKMENISTAN
image_1301.png,TURKEY
image_1302.png,MUHADOW .R
image_1303.png,6735TAG
image_1304.png,РАКОВИНА
image_1305.png,"19633,00"
image_1306.png,"20350,00"
image_1307.png,"7000,00"
image_1308.png,"27350,00"
image_1309.png,"13,5"
image_1310.png,26
image_1311.png,TURKMENISTAN
image_1312.png,TURKEY
image_1313.png,KURBANOW IKRAM
image_1314.png,6484LBB/2181TLB
image_1315.png,KALIY
image_1316.png,"22672,00"
image_1317.png,"22700,00"
image_1318.png,"14000,00"
image_1319.png,"36700,00"
image_1320.png,"16,5"
image_1321.png,27
image_1322.png,TURKMENISTAN
image_1323.png,TURKEY
image_1324.png,RAHMANOW MERGEN
image_1325.png,6458LBB/2179TLB
image_1326.png,KALIY
image_1327.png,"22822,00"
image_1328.png,"22850,00"
image_1329.png,"14000,00"
image_1330.png,"36850,00"
image_1331.png,"16,5"
image_1332.png,28
image_1333.png,TURKMENISTAN
image_1334.png,TURKEY
image_1335.png,IGAMBERDIYE ROZYKUL
image_1336.png,6360LBB/1286TLB
image_1337.png,KALIY
image_1338.png,"23022,00"
image_1339.png,"23050,00"
image_1340.png,"14000,00"
image_1341.png,"37050,00"
image_1342.png,"16,5"
image_1343.png,29
image_1344.png,TURKMENISTAN
image_1345.png,TURKEY
image_1346.png,OWEZOW .YZ
image_1347.png,31RY611
image_1348.png,ПОРОЖНЫЙ
image_1349.png,"0,00"
image_1350.png,"0,00"
image_1351.png,"7000,00"
image_1352.png,"7000,00"
image_1353.png,"13,5"
image_1354.png,30
image_1355.png,TURKMENISTAN
image_1356.png,TURKEY
image_1357.png,OWEZOW .YZ
image_1358.png,31RA816
image_1359.png,ПОРОЖНЫЙ
image_1360.png,"0,00"
image_1361.png,"0,00"
image_1362.png,"7000,00"
image_1363.png,"7000,00"
image_1364.png,"13,5"
image_1365.png,31
image_1366.png,TURKMENISTAN
image_1367.png,TURKEY
image_1368.png,OWEZOW
image_1369.png,YZ
image_1370.png,31FN012
image_1371.png,ПОРОЖНЫЙ
image_1372.png,"0,00"
image_1373.png,"0,00"
image_1374.png,"7000,00"
image_1375.png,"7000,00"
image_1376.png,"13,5"
image_1377.png,32
image_1378.png,TURKMENISTAN
image_1379.png,TURKEY
image_1380.png,AMANLYYEW CARYMYRAT
image_1381.png,7409AHE/1532TAH
image_1382.png,NAH YUPLUGI
image_1383.png,"21971,00"
image_1384.png,"22438,00"
image_1385.png,"14000,00"
image_1386.png,"36438,00"
image_1387.png,"16,5"
image_1388.png,33
image_1389.png,TURKMENISTAN
image_1390.png,TURKEY
image_1391.png,MUHAMMEDOW CARYMYRAT
image_1392.png,1707AHE/1803TAH
image_1393.png,KALIY
image_1394.png,"21123,00"
image_1395.png,"22150,00"
image_1396.png,"14000,00"
image_1397.png,"36150,00"
image_1398.png,"16,5"
image_1399.png,34
image_1400.png,TURKMENISTAN
image_1401.png,TURKEY
image_1402.png,NURYAGDYYEW CHARVA
image_1403.png,5789AHE/2137TAH
image_1404.png,KALIY
image_1405.png,"22522,00"
image_1406.png,"22550,00"
image_1407.png,"14000,00"
image_1408.png,"36550,00"
image_1409.png,"16,5"
image_1410.png,35
image_1411.png,TURKMENISTAN
image_1412.png,TURKEY
image_1413.png,ORAZGELDIYEW MERGEN
image_1414.png,BR7323AG/AG4874TR
image_1415.png,COTTON GREY CLOTH
image_1416.png,"18369,00"
image_1417.png,"18422,00"
image_1418.png,"14000,00"
image_1419.png,"32422,00"
image_1420.png,"16,5"
image_1421.png,36
image_1422.png,TURKMENISTAN
image_1423.png,TURKEY
image_1424.png,GARAYEW .N
image_1425.png,1686TAH
image_1426.png,СУРОВАЯ ТКАНЬ
image_1427.png,"20960,00"
image_1428.png,"21037,00"
image_1429.png,"7000,00"
image_1430.png,"28037,00"
image_1431.png,"13,5"
image_1432.png,37
image_1433.png,TURKMENISTAN
image_1434.png,TURKEY
image_1435.png,AGABAYEW DIDAR
image_1436.png,7492AGD/5386TAG
image_1437.png,KALIY
image_1438.png,"22621,00"
image_1439.png,"22650,00"
image_1440.png,"14000,00"
image_1441.png,"36650,00"
image_1442.png,"16,5"
image_1443.png,38
image_1444.png,TURKMENISTAN
image_1445.png,TURKEY
image_1446.png,AGABAYEW AMANGELDI
image_1447.png,B01979AG/AG119OTR
image_1448.png,ВЕТКИ РАСТЕНИЯ
image_1449.png,"0,00"
image_1450.png,"20116,00"
image_1451.png,"14000,00"
image_1452.png,"34116,00"
image_1453.png,"16,5"
image_1454.png,39
image_1455.png,TURKMENISTAN
image_1456.png,TURKEY
image_1457.png,ANNANUROW MYRATGELDI
image_1458.png,7670AGD/5011TAG
image_1459.png,KALIY
image_1460.png,"22622,00"
image_1461.png,"22650,00"
image_1462.png,"14000,00"
image_1463.png,"36650,00"
image_1464.png,"16,5"
image_1465.png,40
image_1466.png,TURKMENISTAN
image_1467.png,TURKEY
image_1468.png,KURBANOW AZYMGELDI
image_1469.png,6968AGF/521STAG
image_1470.png,KALIY
image_1471.png,"22321,00"
image_1472.png,"22350,00"
image_1473.png,"14000,00"
image_1474.png,"36350,00"
image_1475.png,"16,5"
image_1476.png,41
image_1477.png,TURKMENISTAN
image_1478.png,TURKEY
image_1479.png,ORAYEW BAYRAM
image_1480.png,BM8434AH/AH4584TR
image_1481.png,KALIY
image_1482.png,"22522,00"
image_1483.png,"22550,00"
image_1484.png,"14000,00"
image_1485.png,"36550,00"
image_1486.png,"16,5"
image_1487.png,42
image_1488.png,TURKMENISTAN
image_1489.png,TURKEY
image_1490.png,MADAYEW W
image_1491.png,AZ3585BN/BN4950TR
image_1492.png,COTTON YARN
image_1493.png,"24000,00"
image_1494.png,"24575,00"
image_1495.png,"14000,00"
image_1496.png,"38575,00"
image_1497.png,"16,5"
image_1498.png,43
image_1499.png,TURKMENISTAN
image_1500.png,TURKEY
image_1501.png,ESENOW E
image_1502.png,BT3199BN/BN3341TR
image_1503.png,COTTON YARN
image_1504.png,"24000,00"
image_1505.png,"24594,00"
image_1506.png,"14000,00"
image_1507.png,"38594,00"
image_1508.png,"16,5"
image_1509.png,44
image_1510.png,TURKMENISTAN
image_1511.png,TURKEY
image_1512.png,MYADOW BAYRAMMYRAT
image_1513.png,BH2443BN/BN 5359TR
image_1514.png,KALIY
image_1515.png,"22422,00"
image_1516.png,"22450,00"
image_1517.png,"14000,00"
image_1518.png,"36450,00"
image_1519.png,"16,5"
image_1520.png,45
image_1521.png,TURKMENISTAN
image_1522.png,TURKEY
image_1523.png,GAPUROW MAMMETMYRAT
image_1524.png,DH9420AH/AH6037TR
image_1525.png,SYGYR DERI
image_1526.png,"0,00"
image_1527.png,"24000,00"
image_1528.png,"14000,00"
image_1529.png,"38000,00"
image_1530.png,"16,5"
image_1531.png,46
image_1532.png,TURKMENISTAN
image_1533.png,TURKEY
image_1534.png,AKMYRADOW YAZMYRAT
image_1535.png,5043AHE/1925TAH
image_1536.png,SEMI FINISHED
image_1537.png,"21582,00"
image_1538.png,"22950,00"
image_1539.png,"14000,00"
image_1540.png,"36950,00"
image_1541.png,"16,5"
image_1542.png,47
image_1543.png,TURKMENISTAN
image_1544.png,TURKEY
image_1545.png,BAYLYYEW ARAZGULY
image_1546.png,BG4380BN/BN5O58TR
image_1547.png,KALIY
image_1548.png,"22322,00"
image_1549.png,"22350,00"
image_1550.png,"14000,00"
image_1551.png,"36350,00"
image_1552.png,"16,5"
image_1553.png,48
image_1554.png,TURKMENISTAN
image_1555.png,TURKEY
image_1556.png,ATAYEV MEKAN
image_1557.png,BL6231AH/AH6171TR
image_1558.png,SYGYR DERI
image_1559.png,"0,00"
image_1560.png,"24000,00"
image_1561.png,"14000,00"
image_1562.png,"38000,00"
image_1563.png,"16,5"
image_1564.png,49
image_1565.png,TURKMENISTAN
image_1566.png,TURKEY
image_1567.png,GAZYYEV ANNAMAMMET
image_1568.png,8363AGH/1262TAG
image_1569.png,SYGYR DERI
image_1570.png,"0,00"
image_1571.png,"24000,00"
image_1572.png,"14000,00"
image_1573.png,"38000,00"
image_1574.png,"16,5"
image_1575.png,50
image_1576.png,TURKMENISTAN
image_1577.png,TURKEY
image_1578.png,SEYIDOW M
image_1579.png,2471TMR
image_1581.png,СВЯЗАННЫЙ ВЕНИК
image_1582.png,"0,00"
image_1583.png,"13100,00"
image_1584.png,"7000,00"
image_1585.png,"20100,00"
image_1586.png,"13,5"
image_1587.png,51
image_1588.png,TURKMENISTAN
image_1589.png,TURKEY
image_1590.png,GELDIGURBANOW DILEG
image_1591.png,31AKA868
image_1592.png,ПОРОЖНЫЙ
image_1593.png,"0,00"
image_1594.png,"0,00"
image_1595.png,"7000,00"
image_1596.png,"7000,00"
image_1597.png,"13,5"
image_1598.png,52
image_1599.png,TURKMENISTAN
image_1600.png,TURKEY
image_1601.png,GELDIGURBANOW DILEG
image_1602.png,31ARG63
image_1604.png,ПОРОЖНЫЙ
image_1605.png,"0,00"
image_1606.png,"0,00"
image_1607.png,"7000,00"
image_1608.png,"7000,00"
image_1609.png,"13,5"
image_1610.png,53
image_1611.png,TURKMENISTAN
image_1612.png,TURKEY
image_1613.png,EMINOV HUSEYIN
image_1614.png,EA1974AH/AH6159TR
image_1615.png,SYGYR DERISI
image_1616.png,"0,00"
image_1617.png,"24000,00"
image_1618.png,"14000,00"
image_1619.png,"38000,00"
image_1620.png,"16,5"
image_1621.png,JEMI:53
image_1624.png,"560850,00"
image_1625.png,"755861,00"
image_1626.png,"588000,00"
image_1627.png,"1343861,00"
image_1628.png,"808,5"
image_1631.png,Annamyradov M
image_2045.png,TURKMENISTAN
image_2046.png,TURKEY
image_2047.png,KURBANOV IKRAM
image_2048.png,6484LBB/2181TLB
image_2049.png,COTTON GP
image_2050.png,"18367,88"
image_2051.png,"18419,88"
image_2052.png,"14000,00"
image_2053.png,"32419,88"
image_2054.png,"16,5"
image_2055.png,TURKMENISTAN
image_2056.png,TURKEY
image_2057.png,RAHMANOV MERGEN
image_2058.png,6458LBB/2179TLB
image_2059.png,COTTON GREY CLOTH
image_2060.png,"18361,54"
image_2061.png,"18411,54"
image_2062.png,"14000,00"
image_2063.png,"32411,54"
image_2064.png,"16,5"
image_2065.png,TURKMENISTAN
image_2066.png,TURKEY
image_2067.png,IGAMBERDIYEV ROZYKUL
image_2068.png,6360LBB/1286TLB
image_2069.png,COTTON GREY CLOTH
image_2070.png,"18384,76"
image_2071.png,"18435,96"
image_2072.png,"14000,00"
image_2073.png,"32435,96"
image_2074.png,"16,5"
image_2075.png,TURKMENISTAN
image_2076.png,TURKEY
image_2077.png,MERETGELDIYEV SHIRGULY
image_2078.png,2258AHE/1844TAH
image_2079.png,COTTON
image_2080.png,AKN
image_2081.png,"21288,00"
image_2082.png,"21500,00"
image_2083.png,"14000,00"
image_2084.png,"35500,00"
image_2085.png,"16,5"
image_2086.png,TURKMENISTAN
image_2087.png,TURKEY
image_2088.png,MERETMUHAMMEDOW MUHAMMETMYRAT
image_2089.png,BP5323AG/AG1894TR
image_2090.png,BAGS UREA
image_2092.png,MARK
image_2093.png,"22305,00"
image_2094.png,"22350,00"
image_2095.png,"14000,00"
image_2096.png,"36350,00"
image_2097.png,"16,5"
image_2098.png,TURKMENISTAN
image_2099.png,TURKEY
image_2100.png,KESIKOW ABDYLLA
image_2101.png,5614AGF/5537TAG
image_2102.png,PALLETE CRUDE
image_2103.png,"20000,00"
image_2104.png,"21901,00"
image_2105.png,"14000,00"
image_2106.png,"35901,00"
image_2107.png,"16,5"
image_2108.png,TURKMENISTAN
image_2109.png,TURKEY
image_2110.png,GURBANMUHAMMEDOW MYRAT
image_2111.png,1788AHE/1702TAH
image_2112.png,BAGS UREA
image_2113.png,"'b"" MARK"
image_2114.png,"22255,00"
image_2115.png,"22300,00"
image_2116.png,"14000,00"
image_2117.png,"36300,00"
image_2118.png,"16,5"
image_2119.png,TURKMENISTAN
image_2120.png,TURKEY
image_2121.png,MADEMINOW OWEZMAMMET
image_2122.png,3014AGI/2169TAG
image_2123.png,COTTON YARN
image_2124.png,"22000,00"
image_2125.png,"22638,00"
image_2126.png,"14000,00"
image_2127.png,"36638,00"
image_2128.png,"16,5"
image_2129.png,URKMENISTAN
image_2130.png,TURKEY
image_2131.png,MOWLAMOW ARSLAN
image_2132.png,3026AHE/1857TAH
image_2133.png,BAGS UREA
image_2135.png,MARK
image_2136.png,"22007,00"
image_2137.png,"22050,00"
image_2138.png,"14000,00"
image_2139.png,"36050,00"
image_2140.png,"16,5"
image_2141.png,10
image_2142.png,TURKMENISTAN
image_2143.png,TURKEY
image_2144.png,GURBANMUHAMMEDOW AZAT
image_2145.png,2540AHE1817TAH
image_2146.png,PRODUCT FOR COMMEROIAL
image_2147.png,"20689,00"
image_2148.png,"22000,00"
image_2149.png,"14000,00"
image_2150.png,"36000,00"
image_2151.png,"16,5"
image_2152.png,TURKMENISTAN
image_2153.png,TURKEY
image_2154.png,ANNADURDYYEW ASYRMYRAT
image_2155.png,1702AHE/1737TAH
image_2156.png,BAGS UREA
image_2157.png,"'B"" MARK"
image_2158.png,"22405,00"
image_2159.png,"22450,00"
image_2160.png,"14000,00"
image_2161.png,"36450,00"
image_2162.png,"16,5"
image_2163.png,12
image_2164.png,AFGHANISTAN
image_2165.png,TURKEY
image_2166.png,ORAYEW BAYRAM
image_2167.png,BM8434AH/AH4584TR
image_2168.png,RAISINS
image_2169.png,"22500,00"
image_2170.png,"23512,00"
image_2171.png,"14000,00"
image_2172.png,"37512,00"
image_2173.png,"16,5"
image_2174.png,13
image_2175.png,TURKMENISTAN
image_2176.png,TURKEY
image_2177.png,AKMYRADOW YENISH
image_2178.png,4988AHE/2115TAH
image_2179.png,БУМАГА
image_2180.png,"0,00"
image_2181.png,"23000,00"
image_2182.png,"14000,00"
image_2183.png,"37000,00"
image_2184.png,"16,5"
image_2185.png,14
image_2186.png,TURKMENISTAN
image_2187.png,TURKEY
image_2188.png,ANNASAHEDOW WEPALY
image_2189.png,3567AGE/3894TAG
image_2190.png,COTTON WASTE
image_2191.png,"22678,00"
image_2192.png,"22798,00"
image_2193.png,"14000,00"
image_2194.png,"36798,00"
image_2195.png,"16,5"
image_2196.png,i5
image_2197.png,TURKMENISTAN
image_2198.png,TURKEY
image_2199.png,JUMAYEW TOYCHY
image_2200.png,8043AGF 6425TAG
image_2201.png,COTTON WASTE
image_2202.png,"22309,00"
image_2203.png,"22418,00"
image_2204.png,"14000,00"
image_2205.png,"36418,00"
image_2206.png,"16,5"
image_2207.png,16
image_2208.png,TURKMENISTAN
image_2209.png,TURKEY
image_2210.png,ATDAYEW ARSLAN
image_2211.png,3321AGE/2321TAG
image_2212.png,COTTON WASTE
image_2213.png,"22341,00"
image_2214.png,"22455,00"
image_2215.png,"14000,00"
image_2216.png,"36455,00"
image_2217.png,"16,5"
image_2218.png,17
image_2219.png,TURKMENISTAN
image_2220.png,TURKEY
image_2221.png,BAYLYYEW KUWWAT
image_2222.png,3646AGF/4094TAG
image_2223.png,COTTON WASTE
image_2224.png,"22395,00"
image_2225.png,"22500,00"
image_2226.png,"14000,00"
image_2227.png,"36500,00"
image_2228.png,"16,5"
image_2229.png,18
image_2230.png,TURKMENISTAN
image_2231.png,TURKEY
image_2232.png,DURDYYEW AMANDURDY
image_2233.png,3753AGI/1894TAG
image_2234.png,"BAGS UREA ""B"""
image_2235.png,MARK
image_2236.png,"22395,00"
image_2237.png,"22500,00"
image_2238.png,"14000,00"
image_2239.png,"36500,00"
image_2240.png,"16,5"
image_2241.png,19
image_2242.png,TURKMENISTAN
image_2243.png,TURKEY
image_2244.png,MUHAMMEDOV BATYR
image_2245.png,1705BNE/1257TBN
image_2246.png,"BAGS UREA B"""
image_2247.png,MARK
image_2248.png,"22602,00"
image_2249.png,"22650,00"
image_2250.png,"14000,00"
image_2251.png,"36650,00"
image_2252.png,"16,5"
image_2253.png,20
image_2254.png,TURKMENISTAN
image_2255.png,TURKEY
image_2256.png,HANGELDIYEV BERDIMYRAT
image_2257.png,AS4599AH/1160TAH 
image_2258.png,COTTON YARN
image_2259.png,"22000,00"
image_2260.png,"22050,00"
image_2261.png,"14000,00"
image_2262.png,"36050,00"
image_2263.png,"16,5"
image_2264.png,21
image_2265.png,TURKMENISTAN
image_2266.png,TURKEY
image_2267.png,NAZAROV DOVRANDURDY
image_2268.png,BH3177BN/BN5244TR
image_2269.png,COTTON YARN
image_2270.png,"24000,00"
image_2271.png,"24578,00"
image_2272.png,"14000,00"
image_2273.png,"38578,00"
image_2274.png,"16,5"
image_2275.png,22
image_2276.png,RKMENISTAN
image_2277.png,TURKEY
image_2278.png,ATAYEV RUSTEM
image_2279.png,4707AHE/1108TAH
image_2280.png,SYGYR DERI
image_2281.png,"0,00"
image_2282.png,"24000,00"
image_2283.png,"14000,00"
image_2284.png,"38000,00"
image_2285.png,"16,5"
image_2286.png,23
image_2287.png,TURKMENISTAN
image_2288.png,TURKEY
image_2289.png,DOLEKAYEV MUHAMMET
image_2290.png,1705AHA/1517TAH
image_2291.png,SYGYR DERI
image_2292.png,"0,00"
image_2293.png,"24000,00"
image_2294.png,"14000,00"
image_2295.png,"38000,00"
image_2296.png,"16,5"
image_2297.png,24
image_2298.png,TURKMENISTAN
image_2299.png,TURKEY
image_2300.png,DURDYYEV AKMYRAT
image_2301.png,6374AGF/4510TAG
image_2302.png,UREA MARK B
image_2303.png,"22498,00"
image_2304.png,"22550,00"
image_2305.png,"14000,00"
image_2306.png,"36550,00"
image_2307.png,"16,5"
image_2308.png,25
image_2309.png,TURKMENISTAN
image_2310.png,TURKEY
image_2311.png,ALLABERDIYEV MAKSATMYRAT
image_2312.png,3435AGF/4032TAG
image_2313.png,UREA MARK B
image_2314.png,"22450,00"
image_2315.png,"22500,00"
image_2316.png,"14000,00"
image_2317.png,"36500,00"
image_2318.png,"16,5"
image_2319.png,26
image_2320.png,TURKMENISTAN
image_2321.png,TURKEY
image_2322.png,ORAZMUHAMMEDOV M
image_2323.png,BS9491AH/AH66Z8TR
image_2324.png,UREA MARK B
image_2325.png,"21809,00"
image_2326.png,"21880,00"
image_2327.png,"14000,00"
image_2328.png,"35880,00"
image_2329.png,"16,5"
image_2330.png,27
image_2331.png,TURKMENISTAN
image_2332.png,TURKEY
image_2333.png,REMEZANOV ILAMAN
image_2334.png,EA1899AH/AH6628TR
image_2335.png,UREA MARK B
image_2336.png,"21909,00"
image_2337.png,"21950,00"
image_2338.png,"14000,00"
image_2339.png,"35950,00"
image_2340.png,"16,5"
image_2341.png,28
image_2342.png,TURKMENISTAN
image_2343.png,TURKEY
image_2344.png,AT-ABRAY
image_2345.png,76AAP794
image_2346.png,SPARE PARTS
image_2347.png,"0,00"
image_2348.png,"1010,00"
image_2349.png,"7000,00"
image_2350.png,"8010,00"
image_2351.png,"13,5"
image_2352.png,29
image_2353.png,TURKMENISTAN
image_2354.png,TURKEY
image_2355.png,AT-ABRAY
image_2356.png,34VD4636
image_2357.png,COTTON YARN
image_2358.png,"20760,00"
image_2359.png,"21160,00"
image_2360.png,"7000,00"
image_2361.png,"28160,00"
image_2362.png,"13,5"
image_2363.png,30
image_2364.png,TURKMENISTAN
image_2365.png,TURKEY
image_2366.png,AT-ABRAY
image_2367.png,34VD1951
image_2368.png,DENIM FABRIC
image_2369.png,"19252,50"
image_2370.png,"19597,20"
image_2371.png,"7000,00"
image_2372.png,"26597,20"
image_2373.png,"13,5"
image_2374.png,31
image_2375.png,TURKMENISTAN
image_2376.png,TURKEY
image_2377.png,AT-ABRAY
image_2378.png,76AAH365
image_2379.png,ПОРОЖНИЙ
image_2380.png,"0,00"
image_2381.png,"0,00"
image_2382.png,"7000,00"
image_2383.png,"7000,00"
image_2384.png,"13,5"
image_2385.png,32
image_2386.png,TURKMENISTAN
image_2387.png,TURKEY
image_2388.png,AT-ABRAY
image_2389.png,76AAR553
image_2390.png,ПОРОЖНИЙ
image_2391.png,"0,00"
image_2392.png,"0,00"
image_2393.png,"7000,00"
image_2394.png,"7000,00"
image_2395.png,"13,5"
image_2396.png,33
image_2397.png,TURKMENISTAN
image_2398.png,TURKEY
image_2399.png,AT-ABRAY
image_2400.png,76DA360
image_2401.png,ПОРОЖНИЙ
image_2402.png,"0,00"
image_2403.png,"0,00"
image_2404.png,"7000,00"
image_2405.png,"7000,00"
image_2406.png,"13,5"
image_2407.png,34
image_2408.png,TURKMENISTAN
image_2409.png,TURKEY
image_2410.png,NOGAYEW HEZRETALY
image_2411.png,BY1880AH/AH592OTR
image_2412.png,BAGS UREA
image_2414.png,MARK
image_2415.png,"21909,00"
image_2416.png,"21950,00"
image_2417.png,"14000,00"
image_2418.png,"35950,00"
image_2419.png,"16,5"
image_2420.png,35
image_2421.png,TURKMENISTAN
image_2422.png,TURKEY
image_2423.png,POLATOV SALYHMYRAT
image_2424.png,BA4256BN/BN6467TR
image_2425.png,"BAGS UREA ""B"
image_2426.png,MARK
image_2427.png,"22202,00"
image_2428.png,"22250,00"
image_2429.png,"14000,0"
image_2430.png,"36250,00"
image_2431.png,"16,5"
image_2432.png,36
image_2433.png,TURKMENISTAN
image_2434.png,TURKEY
image_2435.png,MAMMETNEPESOV MAMMETNEPES
image_2436.png,BF5499BN/BN4840TR
image_2437.png,BAGS UREA
image_2438.png,B
image_2439.png,MARK
image_2440.png,"22502,00"
image_2441.png,"22550,00"
image_2442.png,"14000,00"
image_2443.png,"36550,00"
image_2444.png,"16,5"
image_2445.png,37
image_2446.png,TURKMENISTAN
image_2447.png,GEORGIA
image_2448.png,SEYITMUHAMMEDOV SULEYMAN
image_2449.png,BS8626AH/AH6163TR
image_2450.png,BAGS UREA
image_2452.png,NARK
image_2453.png,"22353,00"
image_2454.png,"22400,00"
image_2455.png,"14000,00"
image_2456.png,"36400,00"
image_2457.png,"16,5"
image_2458.png,38
image_2459.png,TURKMENISTAN
image_2460.png,TURKEY
image_2461.png,GURBANOV NURYAHMET
image_2462.png,BR6151AG/AG2795TR
image_2463.png,SYGYR DERI
image_2464.png,"0,00"
image_2465.png,"24000,00"
image_2466.png,"14000,00"
image_2467.png,"38000,00"
image_2468.png,"16,5"
image_2469.png,39
image_2470.png,TURKMENISTAN
image_2471.png,TURKEY
image_2472.png,GELDIGURBANOV DILEG
image_2473.png,76AAJ818
image_2474.png,ПОРОЖНИЙ
image_2475.png,"0,00"
image_2476.png,"0,00"
image_2477.png,"7000,00"
image_2478.png,"7000,00"
image_2479.png,"13,5"
image_2480.png,40
image_2481.png,TURKMENISTAN
image_2482.png,TURKEY
image_2483.png,GELDIGURBANOV DILEG
image_2484.png,31AJZ021
image_2485.png,ПОРОЖНИЙ
image_2486.png,"0,00"
image_2487.png,"0,00"
image_2488.png,"7000,00"
image_2489.png,"7000,00"
image_2490.png,"13,5"
image_2491.png,TURKMENISTAN
image_2492.png,TURKEY
image_2493.png,GELDIGURBANOV DILEG
image_2494.png,31AEN862
image_2495.png,ПОРОЖНИЙ
image_2496.png,"0,00"
image_2497.png,"0,00"
image_2498.png,"7000,00"
image_2499.png,"7000,00"
image_2500.png,"13,5"
image_2501.png,42
image_2502.png,TURKMENISTAN
image_2503.png,TURKEY
image_2504.png,GELDIGURBANOV DILEG
image_2505.png,76AAF810
image_2506.png,ПОРОЖНИЙ
image_2507.png,"0,00"
image_2508.png,"0,00"
image_2509.png,"7000,00"
image_2510.png,"7000,00"
image_2511.png,"13,5"
image_2512.png,43
image_2513.png,TURKMENISTAN
image_2514.png,TURKEY
image_2515.png,GELDIGURBANOV DILEG
image_2516.png,34FPT403
image_2517.png,ПОРОЖНИЙ
image_2518.png,"0,00"
image_2519.png,"0,00"
image_2520.png,"7000,00"
image_2521.png,"7000,00"
image_2522.png,"13,5"
image_3045.png,TURKMENISTAN
image_3046.png,TURKEY
image_3047.png,AJAYYP UMMAN
image_3048.png,76AAK357
image_3049.png,ПОРОЖНИЙ
image_3050.png,"0,00"
image_3051.png,"0,00"
image_3052.png,"7000,00"
image_3053.png,"7000,00"
image_3054.png,"13,5"
image_3055.png,TURKMENISTAN
image_3056.png,TURKEY
image_3057.png,GELDIGURBANOV DILEG
image_3058.png,76AAP560
image_3059.png,COTTON YARN
image_3060.png,"22000,00"
image_3061.png,"22401,50"
image_3062.png,"7000,00"
image_3063.png,"29401,50"
image_3064.png,"13,5"
image_3065.png,TURKMENISTAN
image_3066.png,TURKEY
image_3067.png,GELDIGURBANOV DILEG
image_3068.png,76AAP565
image_3069.png,COTTON YARN
image_3070.png,"22000,00"
image_3071.png,"22399,30"
image_3072.png,"7000,00"
image_3073.png,"29399,30"
image_3074.png,"13,5"
image_3075.png,TURKMENISTAN
image_3076.png,TURKEY
image_3077.png,GELDIGURBANOV DILEG
image_3078.png,31ARG65
image_3079.png,ПОРОЖНИЙ
image_3080.png,"0,00"
image_3081.png,"0,00"
image_3082.png,"7000,00"
image_3083.png,"7000,00"
image_3084.png,"13,5"
image_3085.png,TURKMENISTAN
image_3086.png,TURKEY
image_3087.png,GELDIGURBANOV DILEG
image_3088.png,31AIY342
image_3089.png,ПОРОЖНИЙ
image_3090.png,"0,00"
image_3091.png,"0,00"
image_3092.png,"7000,00"
image_3093.png,"7000,00"
image_3094.png,"13,5"
image_3095.png,TURKMENISTAN
image_3096.png,TURKEY
image_3097.png,GELDIGURBANOV DILEG
image_3098.png,31ARG53
image_3099.png,ПОРОЖНИЙ
image_3100.png,"0,00"
image_3101.png,00
image_3102.png,"7000,00"
image_3103.png,"7000,00"
image_3104.png,"13,5"
image_3105.png,TURKMENISTAN
image_3106.png,TURKEY
image_3107.png,GELDIGURBANOV DILEG
image_3108.png,31AIJ909
image_3109.png,ПОРОЖНИЙ
image_3110.png,"0,00"
image_3111.png,00
image_3112.png,"7000,00"
image_3113.png,"7000,00"
image_3114.png,"13,5"
image_3115.png,8
image_3116.png,TURKMENISTAN
image_3117.png,TURKEY
image_3118.png,GELDIGURBANOV DILEG
image_3119.png,76AAH420
image_3120.png,ПОРОЖНИЙ
image_3121.png,"0,00"
image_3122.png,00
image_3123.png,"7000,00"
image_3124.png,"7000,00"
image_3125.png,"13,5"
image_3126.png,TURKMENISTAN
image_3127.png,TURKEY
image_3128.png,GELDIGURBANOV DILEG
image_3129.png,76AAF8O2
image_3130.png,ПОРОЖНИЙ
image_3131.png,"0,00"
image_3132.png,00
image_3133.png,"7000,00"
image_3134.png,"7000,00"
image_3135.png,"13,5"
image_3136.png,10
image_3137.png,TURKMENISTAN
image_3138.png,TURKEY
image_3139.png,GELDIGURBANOV DILEG
image_3140.png,76AAF025
image_3141.png,ПОРОЖНИЙ
image_3142.png,"0,00"
image_3143.png,00
image_3144.png,"7000,00"
image_3145.png,"7000,00"
image_3146.png,"13,5"
image_3147.png,TURKMENISTAN
image_3148.png,TURKEY
image_3149.png,GELDIGURBANOV DILEG
image_3150.png,7644J821
image_3151.png,ПОРОЖНИЙ
image_3152.png,"0,00"
image_3153.png,00
image_3154.png,"7000,00"
image_3155.png,"7000,00"
image_3156.png,"13,5"
image_3157.png,12
image_3158.png,TURKMENISTAN
image_3159.png,TURKEY
image_3160.png,HALKARA DOSTLUK
image_3161.png,76AAU847
image_3162.png,ПОРОЖНИЙ
image_3163.png,"0,00"
image_3164.png,00
image_3165.png,"7000,00"
image_3166.png,"7000,00"
image_3167.png,"13,5"
image_3168.png,TURKMENISTAN
image_3169.png,TURKEY
image_3170.png,HALKARA DOSTLUK
image_3171.png,76AAK413
image_3172.png,ПОРОЖНИЙ
image_3173.png,00
image_3174.png,00
image_3175.png,"7000,00"
image_3176.png,"7000,00"
image_3177.png,"13,5"
image_3178.png,TURKMENISTAN
image_3179.png,TURKEY
image_3180.png,HALKARA DOSTLUK
image_3181.png,76AAS381
image_3182.png,ПОРОЖНИЙ
image_3183.png,00
image_3184.png,00
image_3185.png,"7000,00"
image_3186.png,"7000,00"
image_3187.png,"13,5"
image_3188.png,TURKMENISTAN
image_3189.png,TURKEY
image_3190.png,HALKARA DOSTLUK
image_3191.png,76AAS804
image_3192.png,ПОРОЖНИЙ
image_3193.png,"0,00"
image_3194.png,00
image_3195.png,"7000,00"
image_3196.png,"7000,00"
image_3197.png,"13,5"
image_3198.png,16
image_3199.png,TURKMENISTAN
image_3200.png,TURKEY
image_3201.png,HALKARA DOSTLUK
image_3202.png,76AAS839
image_3203.png,ПОРОЖНИЙ
image_3204.png,"0,00"
image_3205.png,00
image_3206.png,"7000,00"
image_3207.png,"7000,00"
image_3208.png,"13,5"
image_3209.png,TURKMENISTAN
image_3210.png,TURKEY
image_3211.png,HALKARA DOSTLUK
image_3212.png,76AAS291
image_3213.png,ПОРОЖНИЙ
image_3214.png,"0,00"
image_3215.png,"0,00"
image_3216.png,"7000,00"
image_3217.png,"7000,00"
image_3218.png,"13,5"
image_3219.png,18
image_3220.png,TURKMENISTAN
image_3221.png,TURKEY
image_3222.png,HALKARA DOSTLUK
image_3223.png,76AAS683
image_3224.png,ПОРОЖНИЙ
image_3225.png,"0,00"
image_3226.png,"0,00"
image_3227.png,"7000,00"
image_3228.png,"7000,00"
image_3229.png,"13,5"
image_3230.png,19
image_3231.png,TURKMENISTAN
image_3232.png,TURKEY
image_3233.png,HALKARA DOSTLUK
image_3234.png,76AAS682
image_3235.png,ПОРОЖНИЙ
image_3236.png,"0,00"
image_3237.png,"0,00"
image_3238.png,"7000,00"
image_3239.png,"7000,00"
image_3240.png,"13,5"
image_3241.png,20
image_3242.png,TURKMENISTAN
image_3243.png,TURKEY
image_3244.png,HALKARA DOSTLUK
image_3245.png,76AAS221
image_3246.png,ПОРОЖНИЙ
image_3247.png,00
image_3248.png,"0,00"
image_3249.png,"7000,00"
image_3250.png,"7000,00"
image_3251.png,"13,5"
image_3252.png,21
image_3253.png,TURKMENISTAN
image_3254.png,TURKEY
image_3255.png,HALKARA DOSTLUK
image_3256.png,76AAS253
image_3257.png,ПОРОЖНИЙ
image_3258.png,"0,00"
image_3259.png,"0,00"
image_3260.png,"7000,00"
image_3261.png,"7000,00"
image_3262.png,"13,5"
image_3263.png,22
image_3264.png,TURKMENISTAN
image_3265.png,TURKEY
image_3266.png,ANNAMYRADOV AZYM
image_3267.png,DF8373AG/AG2148TR
image_3268.png,NAH YUPLIGI
image_3269.png,"22019,00"
image_3270.png,"22499,00"
image_3271.png,"14000,00"
image_3272.png,"36499,00"
image_3273.png,"16,5"
image_3274.png,23
image_3275.png,TURKMENISTAN
image_3276.png,TURKEY
image_3277.png,'RTGELDIYEV GURTGELDI
image_3278.png,BY7141AG/AG3724TR
image_3279.png,NAH YUPLIGI
image_3280.png,"22204,00"
image_3281.png,"22686,00"
image_3282.png,"14000,00"
image_3283.png,"36686,00"
image_3284.png,"16,5"
image_3285.png,24
image_3286.png,TURKMENISTAN
image_3287.png,TURKEY
image_3288.png,NURMAMM DOV SEYDILLA
image_3289.png,6904AGH/4759TAG
image_3290.png,NAH YUPLIGI
image_3291.png,"22063,00"
image_3292.png,"22543,00"
image_3293.png,"14000,00"
image_3294.png,"36543,00"
image_3295.png,"16,5"
image_3296.png,25
image_3297.png,TURKMENISTAN
image_3298.png,TURKEY
image_3299.png,GOSH
image_3300.png,ZGULY
image_3301.png,3096AGG/1136TAG
image_3302.png,COTTON YARN
image_3303.png,"22000,00"
image_3304.png,"22407,00"
image_3305.png,"14000,00"
image_3306.png,"36407,00"
image_3307.png,"16,5"
image_3308.png,26
image_3309.png,TURKMENISTAN
image_3310.png,TURKEY
image_3311.png,ANNAMYRADOV KERIM
image_3312.png,BZ1667AG/AG4839TR
image_3313.png,NAH YUPLIGI
image_3314.png,"22003,20"
image_3315.png,"22478,40"
image_3316.png,"14000,00"
image_3317.png,"36478,40"
image_3318.png,"16,5"
image_3319.png,27
image_3320.png,TURKMENISTAN
image_3321.png,TURKEY
image_3322.png,YANYKOV JELIL
image_3323.png,34EBA322
image_3324.png,ПОРОЖНИЙ
image_3325.png,"0,00"
image_3326.png,"0,00"
image_3327.png,"7000,00"
image_3328.png,"7000,00"
image_3329.png,"13,5"
image_3330.png,28
image_3331.png,TURKMENISTAN
image_3332.png,TURKEY
image_3333.png,REMEZANOV ILAMAN
image_3334.png,EA1899AH/AH6628TR
image_3335.png,COTTON YARN
image_3336.png,"22500,00"
image_3337.png,"22910,30"
image_3338.png,"14000,00"
image_3339.png,"36910,30"
image_3340.png,"16,5"
image_3341.png,29
image_3342.png,TURKMENISTAN
image_3343.png,TURKEY
image_3344.png,BASHIMOV MEYLIS
image_3345.png,DES011AH/AH6043TR
image_3346.png,SYGYR
image_3347.png,DERISI
image_3348.png,"0,00"
image_3349.png,"24000,00"
image_3350.png,"14000,00"
image_3351.png,"38000,00"
image_3352.png,"16,5"
image_3353.png,30
image_3354.png,TURKMENISTAN
image_3355.png,TURKEY
image_3356.png,MUHAMMETNAZAROV YLYAS
image_3357.png,DG8248AH/AH6126TR
image_3358.png,SYGYR DERISI
image_3359.png,"0,00"
image_3360.png,"24000,00"
image_3361.png,"14000,00"
image_3362.png,"38000,00"
image_3363.png,"16,5"
image_3364.png,31
image_3365.png,TURKMENISTAN
image_3366.png,TURKEY
image_3367.png,BASHIMOV SHOHRAT
image_3368.png,BL9454AH/AH3781TR
image_3369.png,SYGYR DERISI
image_3370.png,"0,00"
image_3371.png,"24000,00"
image_3372.png,"14000,00"
image_3373.png,"38000,00"
image_3374.png,"16,5"
image_3375.png,32
image_3376.png,TURKMENISTAN
image_3377.png,TURKEY
image_3378.png,KULYYEV ATAMYRAT
image_3379.png,8151AGF/4456TAG
image_3380.png,REGENERATED FIBER
image_3381.png,"22512,00"
image_3382.png,"22621,00"
image_3383.png,"14000,00"
image_3384.png,"36621,00"
image_3385.png,"16,5"
image_3386.png,33
image_3387.png,TURKMENISTAN
image_3388.png,TURKEY
image_3389.png,TEJENOV MYRAT
image_3390.png,3034AGI/6025TAG
image_3391.png,REGENERATED FIBER
image_3392.png,"22458,00"
image_3393.png,"22565,00"
image_3394.png,"14000,00"
image_3395.png,"36565,00"
image_3396.png,"16,5"
image_3397.png,34
image_3398.png,TURKMENISTAN
image_3399.png,TURKEY
image_3400.png,MUHAMMETGULYYEV ASHYRMUHAMMET
image_3401.png,BEA743AH/AH4914TR
image_3402.png,COTTON GREY CLOTH
image_3403.png,"18373,31"
image_3404.png,"18428,11"
image_3405.png,"14000,00"
image_3406.png,"32428,11"
image_3407.png,"16,5"
image_3408.png,35
image_3409.png,TURKMENISTAN
image_3410.png,TURKEY
image_3411.png,HAYDAROV MUSA
image_3412.png,BE2267AH/AH2665TR
image_3413.png,CARBAMIDE MARK B
image_3414.png,"24042,00"
image_3415.png,"24080,00"
image_3416.png,"14000,00"
image_3417.png,"38080,00"
image_3418.png,"16,5"
image_3419.png,36
image_3420.png,TURKMENISTAN
image_3421.png,TURKEY
image_3422.png,AKMAMMEDOV RAHAT
image_3423.png,AU3161AG/AG2145TR
image_3424.png,CARBAMIDE MARK B
image_3425.png,"24142,00"
image_3426.png,"224180,00"
image_3427.png,"14000,00"
image_3428.png,"238180,00"
image_3429.png,"16,5"
image_3430.png,37
image_3431.png,TURKMENISTAN
image_3432.png,TURKEY
image_3433.png,DOLIYEV MUHAMMETSAPA
image_3434.png,DI9323AH/AH4362TR
image_3435.png,CARBAMIDE MARK B
image_3436.png,"24002,00"
image_3437.png,"24140,00"
image_3438.png,"14000,00"
image_3439.png,"38140,00"
image_3440.png,"16,5"
image_3441.png,38
image_3442.png,TURKMENISTAN
image_3443.png,TURKEY
image_3444.png,AMANMUHAMMEDOV SERDAR
image_3445.png,BL7753AH/AH5647TR
image_3446.png,SYGYR DERISI
image_3447.png,"0,00"
image_3448.png,"24000,00"
image_3449.png,"14000,00"
image_3450.png,"38000,00"
image_3451.png,"16,5"
image_3452.png,39
image_3453.png,TURKMENISTAN
image_3454.png,TURKEY
image_3455.png,MENLIYEV YHLASMUHAMMET
image_3456.png,BS6094AH/AH6692TR
image_3457.png,SYGYR DERISI
image_3458.png,"0,00"
image_3459.png,"24000,00"
image_3460.png,"14000,00"
image_3461.png,"38000,00"
image_3462.png,"16,5"
image_3463.png,40
image_3464.png,UZBEKISTAN
image_3465.png,AZERBAIJAN
image_3466.png,AT-ABRAY
image_3467.png,AG2091TR
image_3468.png,SUHOPRODUCT
image_3469.png,"21852,00"
image_3470.png,"22981,00"
image_3471.png,"7000,00"
image_3472.png,"29981,00"
image_3473.png,"13,5"
image_3474.png,41
image_3475.png,UZBEKISTAN
image_3476.png,TURKEY
image_3477.png,AT-ABRAY
image_3478.png,76AAL785
image_3479.png,METALLICAL ZINC
image_3480.png,"22000,00"
image_3481.png,"22084,00"
image_3482.png,"7000,00"
image_3483.png,"29084,00"
image_3484.png,"13,5"
image_3485.png,42
image_3486.png,UZBEKISTAN
image_3487.png,TURKEY
image_3488.png,AT-ABRAY
image_3489.png,34GOE431
image_3490.png,METALLICAL ZINC
image_3491.png,"22000,00"
image_3492.png,"22048,00"
image_3493.png,"7000,00"
image_3494.png,"29048,00"
image_3495.png,"13,5"
image_3496.png,43
image_3497.png,UZBEKISTAN
image_3498.png,TURKEY
image_3499.png,AT-ABRAY
image_3500.png,34GOE504
image_3501.png,METALLICAL ZINC
image_3502.png,"22000,00"
image_3503.png,"22048,00"
image_3504.png,"7000,00"
image_3505.png,"29048,00"
image_3506.png,"13,5"
image_3507.png,44
image_3508.png,TURKMENISTAN
image_3509.png,TURKEY
image_3510.png,AT-ABRAY
image_3511.png,34VB8706
image_3512.png,BLADE TRANSPORT FRAME
image_3513.png,"0,00"
image_3514.png,"12330,00"
image_3515.png,"7000,00"
image_3516.png,"19330,00"
image_3517.png,"13,5"
image_3518.png,45
image_3519.png,TURKMENISTAN
image_3520.png,TURKEY
image_3521.png,AT-ABRAY
image_3522.png,34VB8762
image_3523.png,GENERATOR
image_3524.png,"0,00"
image_3525.png,"9488,00"
image_3526.png,"7000,00"
image_3527.png,"16488,00"
image_3528.png,"13,5"
image_4038.png,TURKMENISTAN
image_4039.png,AZERBAYJAN
image_4040.png,HALKARA DOSTLUK
image_4041.png,76AAP825
image_4042.png,ПОРОЖНИЙ
image_4043.png,"0,00"
image_4044.png,"0,00"
image_4045.png,"7000,00"
image_4046.png,"7000,00"
image_4047.png,"13,5"
image_4048.png,2
image_4049.png,TURKMENISTAN
image_4050.png,AZERBAYJAN
image_4051.png,HALKARA DOSTLUK
image_4052.png,76AAR447
image_4053.png,ПОРОЖНИЙ
image_4054.png,"0,00"
image_4055.png,"0,00"
image_4056.png,"7000,00"
image_4057.png,"7000,00"
image_4058.png,"13,5"
image_4059.png,3
image_4060.png,TURKMENISTAN
image_4061.png,AZERBAYJAN
image_4062.png,HALKARA DOSTLUK
image_4063.png,76AAR779
image_4064.png,ПОРОЖНИЙ
image_4065.png,"0,00"
image_4066.png,"0,00"
image_4067.png,"7000,00"
image_4068.png,"7000,00"
image_4069.png,"13,5"
image_4070.png,TURKMENISTAN
image_4071.png,AZERBAYJAN
image_4072.png,HALKARA DOSTLUK
image_4073.png,76AAR161
image_4074.png,ПОРОЖНИЙ
image_4075.png,"0,00"
image_4076.png,"0,00"
image_4077.png,"7000,00"
image_4078.png,"7000,00"
image_4079.png,"13,5"
image_4080.png,5
image_4081.png,TURKMENISTAN
image_4082.png,AZERBAYJAN
image_4083.png,HALKARA DOSTLUK
image_4084.png,76AAK687
image_4085.png,ПОРОЖНИЙ
image_4086.png,"0,00"
image_4087.png,"0,00"
image_4088.png,"7000,00"
image_4089.png,"7000,00"
image_4090.png,"13,5"
image_4091.png,6
image_4092.png,TURKMENISTAN
image_4093.png,AZERBAYJAN
image_4094.png,HALKARA DOSTLUK
image_4095.png,76AAK447
image_4096.png,ПОРОЖНИЙ
image_4097.png,"0,00"
image_4098.png,"0,00"
image_4099.png,"7000,00"
image_4100.png,"7000,00"
image_4101.png,"13,5"
image_4102.png,TURKMENISTAN
image_4103.png,AZERBAYJAN
image_4104.png,HALKARA DOSTLUK
image_4105.png,76AAK405
image_4106.png,ПОРОЖНИЙ
image_4107.png,"0,00"
image_4108.png,"0,00"
image_4109.png,"7000,00"
image_4110.png,"7000,00"
image_4111.png,"13,5"
image_4113.png,8
image_4114.png,TURKMENISTAN
image_4115.png,AZERBAYJAN
image_4116.png,HALKARA DOSTLUK
image_4117.png,76AAN344
image_4118.png,ПОРОЖНИЙ
image_4119.png,"0,00"
image_4120.png,"0,00"
image_4121.png,"7000,00"
image_4122.png,"7000,00"
image_4123.png,"13,5"
image_4124.png,TURKMENISTAN
image_4125.png,AZERBAYJAN
image_4126.png,AT-ABRAY
image_4127.png,76AS925
image_4128.png,ПОРОЖНИЙ
image_4129.png,"0,00"
image_4130.png,"0,00"
image_4131.png,"7000,00"
image_4132.png,"7000,00"
image_4133.png,"13,5"
image_4134.png,10
image_4135.png,TURKMENISTAN
image_4136.png,AZERBAYJAN
image_4137.png,AT-ABRAY
image_4138.png,76AAU274
image_4139.png,ПОРОЖНИЙ
image_4140.png,"0,00"
image_4141.png,"0,00"
image_4142.png,"7000,00"
image_4143.png,"7000,00"
image_4144.png,"13,5"
image_4145.png,11
image_4146.png,TURKMENISTAN
image_4147.png,AZERBAYJAN
image_4148.png,AT-ABRAY
image_4149.png,76AAH888
image_4150.png,ПОРОЖНИЙ
image_4151.png,"0,00"
image_4152.png,"0,00"
image_4153.png,"7000,00"
image_4154.png,"7000,00"
image_4155.png,"13,5"
image_4157.png,12
image_4158.png,TURKMENISTAN
image_4159.png,AZERBAYJAN
image_4160.png,AT-ABRAY
image_4161.png,34CON245
image_4162.png,OFFSET PAPER
image_4163.png,"20000,00"
image_4164.png,"20846,00"
image_4165.png,"7000,00"
image_4166.png,"27846,00"
image_4167.png,"13,5"
image_4168.png,13
image_4169.png,TURKMENISTAN
image_4170.png,AZERBAYJAN
image_4171.png,MAGTYMOV RUSTEM
image_4172.png,1817AHE/1712TAH
image_4173.png,COTTON WASTE
image_4174.png,"23323,00"
image_4175.png,"23433,00"
image_4176.png,"14000,00"
image_4177.png,"37433,00"
image_4178.png,"16,5"
image_4179.png,14
image_4180.png,TURKMENISTAN
image_4181.png,AZERBAYJAN
image_4182.png,JANMYRADOV JUMA
image_4183.png,1718AHE/1901TAH
image_4184.png,COTTON WASTE
image_4185.png,"23259,00"
image_4186.png,"23368,00"
image_4187.png,"14000,00"
image_4188.png,"37368,00"
image_4189.png,"16,5"
image_4190.png,15
image_4191.png,TURKMENISTAN
image_4192.png,AZERBAYJAN
image_4193.png,HABYBYLLAYEV TACHMUHAMET
image_4194.png,EA1037AH/AH6638TR
image_4195.png,SYGYR DERI
image_4196.png,"0,00"
image_4197.png,"24000,00"
image_4198.png,"14000,00"
image_4199.png,"38000,00"
image_4200.png,"16,5"
image_4201.png,16
image_4202.png,TURKMENISTAN
image_4203.png,AZERBAYJAN
image_4204.png,BABAYEV AMANMUHAMMET
image_4205.png,AS6132AH/AH6183TR
image_4206.png,SYGYR DERI
image_4207.png,"0,00"
image_4208.png,"24000,00"
image_4209.png,"14000,00"
image_4210.png,"38000,00"
image_4211.png,"16,5"
image_4212.png,17
image_4213.png,TURKMENISTAN
image_4214.png,AZERBAYJAN
image_4215.png,ANNAYEV KAKABAY
image_4216.png,AK9759AH/AH4332TR
image_4217.png,COTTON WASTE
image_4218.png,"23329,00"
image_4219.png,"23433,00"
image_4220.png,"14000,00"
image_4221.png,"37433,00"
image_4222.png,"16,5"
image_4223.png,18
image_4224.png,TURKMENISTAN
image_4225.png,AZERBAYJAN
image_4226.png,AMANOV PERMAN
image_4227.png,BE1817AH/AH6695TR
image_4228.png,COTTON WASTE
image_4229.png,"23239,00"
image_4230.png,"23345,00"
image_4231.png,"14000,00"
image_4232.png,"37345,00"
image_4233.png,"16,5"
image_4234.png,19
image_4235.png,TURKMENISTAN
image_4236.png,AZERBAYJAN
image_4237.png,AMANOV KOMEK
image_4238.png,EA6194AH/AH4960TR
image_4239.png,COTTON WASTE
image_4240.png,"23387,00"
image_4241.png,"23492,00"
image_4242.png,"14000,00"
image_4243.png,"37492,00"
image_4244.png,"16,5"
image_4245.png,20
image_4246.png,TURKMENISTAN
image_4247.png,GEORGIA
image_4248.png,KAKABAYEW KAKABAY
image_4249.png,BP1312AH/AH3364TR
image_4250.png,GYPSUM PLASTERBOARD
image_4251.png,"23500,00"
image_4252.png,"24000,00"
image_4253.png,"14000,00"
image_4254.png,"38000,00"
image_4255.png,"16,5"
image_4256.png,21
image_4257.png,TURKMENISTAN
image_4258.png,GEORGIA
image_4259.png,SAPAROW BERDI
image_4260.png,3957AGI/3380TAG
image_4261.png,GYPSUM PLASTERBOARD
image_4262.png,"23000,00"
image_4263.png,"23450,00"
image_4264.png,"14000,00"
image_4265.png,"37450,00"
image_4266.png,"16,5"
image_4267.png,22
image_4268.png,TURKMENISTAN
image_4269.png,GEORGIA
image_4270.png,HOJALYYEW DOWRANGELDI
image_4271.png,3017AHE/1797TAH
image_4272.png,GYPSUM PLASTERBOARD
image_4273.png,"23150,00"
image_4274.png,"23650,00"
image_4275.png,"14000,00"
image_4276.png,"37650,00"
image_4277.png,"16,5"
image_4278.png,23
image_4279.png,TURKMENISTAN
image_4280.png,GEORGIA
image_4281.png,TASHLIYEW SERDAR
image_4282.png,BA8586AH/AH1624TR
image_4283.png,GYPSUM PLASTERBOARD
image_4284.png,"23450,00"
image_4285.png,"23950,00"
image_4286.png,"14000,00"
image_4287.png,"37950,00"
image_4288.png,"16,5"
image_4289.png,24
image_4290.png,TURKMENISTAN
image_4291.png,GEORGIA
image_4292.png,BERDIYEW BEGENCH
image_4293.png,AL7155AG/AG3O12TR
image_4294.png,GYPSUM PLASTERBOARD
image_4295.png,"23000,00"
image_4296.png,"23500,00"
image_4297.png,"14000,00"
image_4298.png,"37500,00"
image_4299.png,"16,5"
image_4300.png,25
image_4301.png,TURKMENISTAN
image_4302.png,GEORGIA
image_4303.png,ABAMOW SAPARMUHAMMET
image_4304.png,DB9366AG/AG1721TR
image_4305.png,GYPSUM PLASTERBOARD
image_4306.png,"23150,00"
image_4307.png,"23650,00"
image_4308.png,"14000,00"
image_4309.png,"37650,00"
image_4310.png,"16,5"
image_4311.png,26
image_4312.png,TURKMENISTAN
image_4313.png,GEORGIA
image_4314.png,GURTMYRADOW RESUL
image_4315.png,AZ1525AG/AG3747TR
image_4316.png,GYPSUM PLASTERBOARD
image_4317.png,"23300,00"
image_4318.png,"23800,00"
image_4319.png,"14000,00"
image_4320.png,"37800,00"
image_4321.png,"16,5"
image_4322.png,27
image_4323.png,TURKMENISTAN
image_4324.png,GEORGIA
image_4325.png,HYDYROW DOWLETGELDI
image_4326.png,BA4787AG/AG3835TR
image_4327.png,GYPSUM PLASTERBOARD
image_4328.png,"23250,00"
image_4329.png,"23750,00"
image_4330.png,"14000,00"
image_4331.png,"37750,00"
image_4332.png,"16,5"
image_4333.png,28
image_4334.png,TURKMENISTAN
image_4335.png,GEORGIA
image_4336.png,DURDYYEW KOWUS
image_4337.png,8987AGF/4934TAG
image_4338.png,GYPSUM PLASTERBOARD
image_4339.png,"23600,00"
image_4340.png,"24100,00"
image_4341.png,"14000,00"
image_4342.png,"38100,00"
image_4343.png,"16,5"
image_4344.png,29
image_4345.png,TURKMENISTAN
image_4346.png,GEORGIA
image_4347.png,GURBANSEIDOW BAYRAM
image_4348.png,4210AGE/2526TAG
image_4349.png,GYPSUM PLASTERBOARD
image_4350.png,"23150,00"
image_4351.png,"23650,00"
image_4352.png,"14000,00"
image_4353.png,"37650,00"
image_4354.png,"16,5"
image_4355.png,30
image_4356.png,TURKMENISTAN
image_4357.png,GEORGIA
image_4358.png,SARYJAYEW MUHAMMETGULY
image_4359.png,AU5188AH/AH1754TR
image_4360.png,GYPSUM PLASTERBOARD
image_4361.png,"23050,00"
image_4362.png,"23550,00"
image_4363.png,"14000,00"
image_4364.png,"37550,00"
image_4365.png,"16,5"
image_4366.png,31
image_4367.png,TURKMENISTAN
image_4368.png,GEORGIA
image_4369.png,MAMMETORAZOW ROWSHEN
image_4370.png,BM4055AH/AH5067TR
image_4371.png,GYPSUM PLASTERBOARD
image_4372.png,"23100,00"
image_4373.png,"23600,00"
image_4374.png,"14000,00"
image_4375.png,"37600,00"
image_4376.png,"16,5"
image_4377.png,32
image_4378.png,TURKMENISTAN
image_4379.png,GEORGIA
image_4380.png,TUWSHADOW YAKUP
image_4381.png,6307MRE/2450TMR
image_4382.png,GYPSUM PLASTERBOARD
image_4383.png,"23100,00"
image_4384.png,"23600,00"
image_4385.png,"14000,00"
image_4386.png,"37600,00"
image_4387.png,"16,5"
image_4388.png,33
image_4389.png,TURKMENISTAN
image_4390.png,GEORGIA
image_4391.png,ODENYAZOW GAYGYSYZ
image_4392.png,9760AGF/50GZTAG
image_4393.png,GYPSUM PLASTERBOARD
image_4394.png,"23250,00"
image_4395.png,"23750,00"
image_4396.png,"14000,00"
image_4397.png,"37750,00"
image_4398.png,"16,5"
image_4399.png,34
image_4400.png,TURKMENISTAN
image_4401.png,GEORGIA
image_4402.png,ORAZOW ORAZMUHAMMET
image_4403.png,BU1014AG/AG4878TR
image_4404.png,GYPSUM PLASTERBOARD
image_4405.png,"23550,00"
image_4406.png,"24050,00"
image_4407.png,"14000,00"
image_4408.png,"38050,00"
image_4409.png,"16,5"
image_4411.png,35
image_4412.png,TURKMENISTAN
image_4413.png,TURKEY
image_4414.png,BABAKULIYEW KUWWAT
image_4415.png,AE5053LB/LB5370TR
image_4416.png,RAISINS
image_4417.png,"22500,00"
image_4418.png,"23512,00"
image_4419.png,"14000,00"
image_4420.png,"37512,00"
image_4421.png,"16,5"
image_4422.png,36
image_4423.png,TURKMENISTAN
image_4424.png,TURKEY
image_4425.png,ALLABERDIYEW TAHYR
image_4426.png,BM4347LB/LB7013TR
image_4427.png,COTTON WASTE
image_4428.png,"22431,00"
image_4429.png,"22545,00"
image_4430.png,"14000,00"
image_4431.png,"36545,00"
image_4432.png,"16,5"
image_4433.png,37
image_4434.png,TURKMENISTAN
image_4435.png,TURKEY
image_4436.png,KOCHKAROW NARIMAN
image_4437.png,DA6613LB/LB7116TR
image_4438.png,COTTON WASTE
image_4439.png,"23367,00"
image_4440.png,"23477,00"
image_4441.png,"14000,00"
image_4442.png,"37477,00"
image_4443.png,"16,5"
image_4444.png,38
image_4445.png,TURKMENISTAN
image_4446.png,TURKEY
image_4447.png,BAYRAMALYYEW MAKSATMYRAT
image_4448.png,3534AGF/4043TAG
image_4449.png,IODINE
image_4450.png,"20000,00"
image_4451.png,"21901,00"
image_4452.png,"14000,00"
image_4453.png,"35901,00"
image_4454.png,"16,5"
image_4455.png,39
image_4456.png,TURKMENISTAN
image_4457.png,TURKEY
image_4458.png,ORAZOW TACMYRAT
image_4459.png,BW3878AG/AG4478TR
image_4460.png,GYPSUM PLASTERBOARD
image_4461.png,"23250,00"
image_4462.png,"23750,00"
image_4463.png,"14000,00"
image_4464.png,"37750,00"
image_4465.png,"16,5"
image_4466.png,40
image_4467.png,TURKMENISTAN
image_4468.png,TURKEY
image_4469.png,OWEZMAMMEDOW YLYAS
image_4470.png,BH3292AG/AH4425TR
image_4471.png,GYPSUM PLASTERBOARD
image_4472.png,"23250,00"
image_4473.png,"23750,00"
image_4474.png,"14000,00"
image_4475.png,"37750,00"
image_4476.png,"16,5"
image_4477.png,41
image_4478.png,TURKMENISTAN
image_4479.png,TURKEY
image_4480.png,SAHEDOW GARYAGDY
image_4481.png,BY3424AG/AG3448TR
image_4482.png,GYPSUM PLASTERBOARD
image_4483.png,"23700,00"
image_4484.png,"24000,00"
image_4485.png,"14000,00"
image_4486.png,"38000,00"
image_4487.png,"16,5"
image_4488.png,42
image_4489.png,TURKMENISTAN
image_4490.png,TURKEY
image_4491.png,HAN ATAMYRAT
image_4492.png,BW3643AG/AG3049TR
image_4493.png,GYPSUM PLASTERBOARD
image_4494.png,"23550,00"
image_4495.png,"24050,00"
image_4496.png,"14000,00"
image_4497.png,"38050,00"
image_4498.png,"16,5"
image_4499.png,43
image_4500.png,TURKMENISTAN
image_4501.png,TURKEY
image_4502.png,AMANOW SILAPBERDI
image_4503.png,BW4173AI 
image_4504.png,H5683TR
image_4505.png,GYPSUM PLASTERBOARD
image_4506.png,"22800,00"
image_4507.png,"23500,00"
image_4508.png,"14000,00"
image_4509.png,"37500,00"
image_4510.png,"16,5"
image_4511.png,44
image_4512.png,TURKMENISTAN
image_4513.png,TURKEY
image_4514.png,CHARYBAYEW SELIMBERDI
image_4515.png,AR4868AG/AG5065TR
image_4516.png,GYPSUM PLASTERBOARD
image_4517.png,"23700,00"
image_4518.png,"24000,00"
image_4519.png,"14000,00"
image_4520.png,"38000,00"
image_4521.png,"16,5"
image_5036.png,TURKMENISTAN
image_5037.png,AZERBAYJAN
image_5038.png,HAMROYEW BAKABEG
image_5039.png,2434TLB
image_5040.png,ФАСОЛЬ ПРОДОВОЛЬСТВЕННАЯ
image_5041.png,"22000,00"
image_5042.png,"22519,00"
image_5043.png,"7000,00"
image_5044.png,"29519,00"
image_5045.png,"13,5"
image_5046.png,TURKMENISTAN
image_5047.png,TURKEY
image_5048.png,HALKARA DOSTLUK
image_5049.png,76AAH542
image_5050.png,1OO%COTTON COMPED
image_5051.png,"0,00"
image_5052.png,"21331,60"
image_5053.png,"7000,00"
image_5054.png,"28331,60"
image_5055.png,"13,5"
image_5056.png,TURKMENISTAN
image_5057.png,TURKEY
image_5058.png,HALKARA DOSTLUK
image_5059.png,76AAG397
image_5060.png,ПОРОЖНИЙ
image_5061.png,"0,00"
image_5062.png,"0,00"
image_5063.png,"7000,00"
image_5064.png,"7000,00"
image_5065.png,"13,5"
image_5066.png,TURKMENISTAN
image_5067.png,TURKEY
image_5068.png,HALKARA DOSTLUK
image_5069.png,Z6AAS158
image_5070.png,ПОРОЖНИЙ
image_5071.png,"0,00"
image_5072.png,"0,00"
image_5073.png,"7000,00"
image_5074.png,"7000,00"
image_5075.png,"13,5"
image_5076.png,TURKMENISTAN
image_5077.png,TURKEY
image_5078.png,HALKARA DOSTLUK
image_5079.png,76AAK683
image_5080.png,ПОРОЖНИЙ
image_5081.png,"0,00"
image_5082.png,"0,00"
image_5083.png,"7000,00"
image_5084.png,"7000,00"
image_5085.png,"13,5"
image_5086.png,TURKMENISTAN
image_5087.png,TURKEY
image_5088.png,HALKARA DOSTLUK
image_5089.png,76AAK684
image_5090.png,ПОРОЖНИЙ
image_5091.png,"0,00"
image_5092.png,"0,00"
image_5093.png,"7000,00"
image_5094.png,"7000,00"
image_5095.png,"13,5"
image_5096.png,TURKMENISTAN
image_5097.png,TURKEY
image_5098.png,HALKARA DOSTLUK
image_5099.png,76AAK361
image_5100.png,ПОРОЖНИЙ
image_5101.png,"0,00"
image_5102.png,"0,00"
image_5103.png,"7000,00"
image_5104.png,"7000,00"
image_5105.png,"13,5"
image_5106.png,8
image_5107.png,TURKMENISTAN
image_5108.png,TURKEY
image_5109.png,HALKARA DOSTLUK
image_5110.png,76AAN950
image_5111.png,ПОРОЖНИЙ
image_5112.png,"0,00"
image_5113.png,"0,00"
image_5114.png,"7000,00"
image_5115.png,"7000,00"
image_5116.png,"13,5"
image_5117.png,TURKMENISTAN
image_5118.png,TURKEY
image_5119.png,HALKARA DOSTLUK
image_5120.png,76AAR591
image_5121.png,ПОРОЖНИЙ
image_5122.png,"0,00"
image_5123.png,"0,00"
image_5124.png,"7000,00"
image_5125.png,"7000,00"
image_5126.png,"13,5"
image_5127.png,10
image_5128.png,TURKMENISTAN
image_5129.png,TURKEY
image_5130.png,HALKARA DOSTLUK
image_5131.png,76AAN492
image_5132.png,ПОРОЖНИЙ
image_5133.png,"0,00"
image_5134.png,"0,00"
image_5135.png,"7000,00"
image_5136.png,"7000,00"
image_5137.png,"13,5"
image_5138.png,11
image_5139.png,TURKMENISTAN
image_5140.png,GEORGIA
image_5141.png,RAHYMOV ABDYLSETDAR
image_5142.png,2797TMR
image_5143.png,HYDRO STAR
image_5144.png,"12933,20"
image_5145.png,"13243,20"
image_5146.png,"7000,00"
image_5147.png,"20243,20"
image_5148.png,"13,5"
image_5149.png,12
image_5150.png,TURKMENISTAN
image_5151.png,TURKEY
image_5152.png,YAZGELDIYEV RAHMAN
image_5153.png,1852AGF/3708TAG
image_5154.png,GRAY FABRIC HEAVY FLANNEL
image_5155.png,"19320,00"
image_5156.png,"19640,00"
image_5157.png,"14000,00"
image_5158.png,"33640,00"
image_5159.png,"16,5"
image_5160.png,13
image_5161.png,TURKMENISTAN
image_5162.png,TURKEY
image_5163.png,ALLABERDIYEV BATYR
image_5164.png,AJ7695AG/AG4261TR
image_5165.png,COTTON YARN
image_5166.png,"22042,80"
image_5167.png,"22456,45"
image_5168.png,"14000,00"
image_5169.png,"36456,45"
image_5170.png,"16,5"
image_5171.png,14
image_5172.png,TURKMENISTAN
image_5173.png,TURKEY
image_5174.png,MULOV MAKSAT
image_5175.png,BP6388AG/AG1738TR
image_5176.png,COTTON YARN
image_5177.png,"21986,05"
image_5178.png,"22390,95"
image_5179.png,"14000,00"
image_5180.png,"36390,95"
image_5181.png,"16,5"
image_5182.png,15
image_5183.png,TURKMENISTAN
image_5184.png,TURKEY
image_5185.png,PYCHYYEV NURBERDI
image_5186.png,3790AGI/4560TAG
image_5187.png,"UREA GRADE ""B"""
image_5188.png,"20690,00"
image_5189.png,"20702,00"
image_5190.png,"14000,00"
image_5191.png,"34702,00"
image_5192.png,"16,5"
image_5193.png,16
image_5194.png,TURKMENISTAN
image_5195.png,TURKEY
image_5196.png,DURDYYEV GURBANDURDY
image_5197.png,3843AGI/4674TAG
image_5198.png,"UREA GRADE ""B"""
image_5199.png,"21638,50"
image_5200.png,"21650,00"
image_5201.png,"14000,00"
image_5202.png,"35650,00"
image_5203.png,"16,5"
image_5204.png,TURKMENISTAN
image_5205.png,GEORGIA
image_5206.png,BERDIGYLYJOW MEKAN
image_5207.png,6340MRE/2475TMR
image_5208.png,CARBON BLACK
image_5209.png,"21000,00"
image_5210.png,"22071,00"
image_5211.png,"14000,00"
image_5212.png,"36071,00"
image_5213.png,"16,5"
image_5214.png,18
image_5215.png,TURKMENISTAN
image_5216.png,AZERBAYJAN
image_5217.png,KOMEKOW MEYLIS
image_5218.png,2603TMR
image_5219.png,БУМАГА ДЛЯ ГОФРИРОВАНИЯ
image_5220.png,"25000,00"
image_5221.png,"25000,00"
image_5222.png,"7000,00"
image_5223.png,"32000,00"
image_5224.png,"13,5"
image_5225.png,19
image_5226.png,TURKMENISTAN
image_5227.png,TURKEY
image_5228.png,OWEZOW YZBASAR
image_5229.png,31GU650
image_5230.png,ПОРОЖНИЙ
image_5231.png,"0,00"
image_5232.png,"0,00"
image_5233.png,"7000,00"
image_5234.png,"7000,00"
image_5235.png,"13,5"
image_5236.png,20
image_5237.png,TURKMENSTAN
image_5238.png,TURKEY
image_5239.png,JORAYEV PERHAT
image_5240.png,3701AGI/6326TAG
image_5241.png,CLEANED COTTON WASTE
image_5242.png,"22851,00"
image_5243.png,"22956,00"
image_5244.png,"14000,00"
image_5245.png,"36956,00"
image_5246.png,"16,5"
image_5247.png,21
image_5248.png,TURKMENISTAN
image_5249.png,TURKEY
image_5250.png,ROZYYEV VEPA
image_5251.png,357IAGF/434ITAG
image_5252.png,CLEANED COTTON WASTE
image_5253.png,"22821,00"
image_5254.png,"22927,00"
image_5255.png,"14000,00"
image_5256.png,"36927,00"
image_5257.png,"16,5"
image_5258.png,22
image_5259.png,TURKMENISTAN
image_5260.png,TURKEY
image_5261.png,NARGULYYEV KERIM
image_5262.png,4145AGI/3895TAG
image_5263.png,CLEANED COTTON WASTE
image_5264.png,"22819,00"
image_5265.png,"22927,00"
image_5266.png,"14000,00"
image_5267.png,"36927,00"
image_5268.png,"16,5"
image_5269.png,23
image_5270.png,TURKMENISTAN
image_5271.png,TURKEY
image_5272.png,ATANIYAZOV MAGSAT
image_5273.png,3987AGI/2325TAG
image_5274.png,CLEANED COTTON WASTE
image_5275.png,"22724,00"
image_5276.png,"22832,00"
image_5277.png,"14000,00"
image_5278.png,"36832,00"
image_5279.png,"16,5"
image_5280.png,24
image_5281.png,TURKMENISTAN
image_5282.png,AZERBAYJAN
image_5283.png,GELDIGURBANOW DILEG
image_5284.png,76AAE749
image_5285.png,ПОРОЖНИЙ
image_5286.png,"0,00"
image_5287.png,"0,00"
image_5288.png,"7000,00"
image_5289.png,"7000,00"
image_5290.png,"13,5"
image_5291.png,25
image_5292.png,TURKMENISTAN
image_5293.png,TURKEY
image_5294.png,HABYBYLLAYEV ABDYLAHAT
image_5295.png,BS2919AH/AH6019TR
image_5296.png,SYGYR DERISI
image_5297.png,"0,00"
image_5298.png,"24000,00"
image_5299.png,"14000,00"
image_5300.png,"38000,00"
image_5301.png,"16,5"
image_5302.png,26
image_5303.png,TURKMENISTAN
image_5304.png,TURKEY
image_5305.png,ABDYSAMEDOV MUHAMMETRESUL
image_5306.png,AK1989AH/AH6691TR
image_5307.png,THE SKINS OF CATTLE
image_5308.png,"0,00"
image_5309.png,"24000,00"
image_5310.png,"14000,00"
image_5311.png,"38000,00"
image_5312.png,"16,5"
image_5313.png,27
image_5314.png,TURKMENISTAN
image_5315.png,TURKEY
image_5316.png,ANNAMUHAMMEDOV AKMUHAMMET
image_5317.png,BS1175AH/AH5645TR
image_5318.png,THE SKINS OF CATTLE
image_5319.png,"0,00"
image_5320.png,"24000,00"
image_5321.png,"14000,00"
image_5322.png,"38000,00"
image_5323.png,"16,5"
image_5324.png,28
image_5325.png,TURKMENISTAN
image_5326.png,TURKEY
image_5327.png,ANNAMUHAMMEDOV MAMMETGULY
image_5328.png,BL7270AG/AG3949TR
image_5329.png,THE SKINS OF CATTLE
image_5330.png,"0,00"
image_5331.png,"24000,00"
image_5332.png,"14000,00"
image_5333.png,"38000,00"
image_5334.png,"16,5"
image_5335.png,29
image_5336.png,TURKMENISTAN
image_5337.png,TURKEY
image_5338.png,SAPAROV MERDAN
image_5339.png,BE3417AH/AH6033TR
image_5340.png,THE SKINS OF CATTLE
image_5341.png,"0,00"
image_5342.png,"24000,00"
image_5343.png,"14000,00"
image_5344.png,"38000,00"
image_5345.png,"16,5"
image_5346.png,30
image_5347.png,TURKMENISTAN
image_5348.png,TURKEY
image_5349.png,TOYLYYEV KEMAL
image_5350.png,BY5722AG/AG3029TR
image_5351.png,CLEANED COTTON WASTE
image_5352.png,"22688,00"
image_5353.png,"22792,00"
image_5354.png,"14000,00"
image_5355.png,"36792,00"
image_5356.png,"16,5"
image_5357.png,31
image_5358.png,TURKMENISTAN
image_5359.png,TURKEY
image_5360.png,AMANNAZAROV KERIM
image_5361.png,BY7119AG/AG4248TR
image_5362.png,CLEANED COTTON WASTE
image_5363.png,"22760,00"
image_5364.png,"22864,00"
image_5365.png,"14000,00"
image_5366.png,"36864,00"
image_5367.png,"16,5"
image_5368.png,32
image_5369.png,TURKMENISTAN
image_5370.png,TURKEY
image_5371.png,TATOV MERGEN
image_5372.png,BF7973AG/AG2436TR
image_5373.png,CLEANED COTTON WASTE
image_5374.png,"22735,00"
image_5375.png,"22838,00"
image_5376.png,"14000,00"
image_5377.png,"36838,00"
image_5378.png,"16,5"
image_5379.png,33
image_5380.png,TURKMENISTAN
image_5381.png,TURKEY
image_5382.png,AT-ABRAY
image_5383.png,34EMY598
image_5384.png,ПОРОЖНИЙ
image_5385.png,"0,00"
image_5386.png,"0,00"
image_5387.png,"7000,00"
image_5388.png,"7000,00"
image_5389.png,"13,5"
image_5390.png,34
image_5391.png,TURKMENISTAN
image_5392.png,GEORGIA
image_5393.png,AT-ABRAY
image_5394.png,SS782P
image_5395.png,ПОРОЖНИЙ
image_5396.png,"0,00"
image_5397.png,"0,00"
image_5398.png,"7000,00"
image_5399.png,"7000,00"
image_5400.png,"13,5"
image_5401.png,35
image_5402.png,TURKMENISTAN
image_5403.png,GEORGIA
image_5404.png,AT-ABRAY
image_5405.png,DD854G
image_5406.png,ПОРОЖНИЙ
image_5407.png,"0,00"
image_5408.png,"0,00"
image_5409.png,"7000,00"
image_5410.png,"7000,00"
image_5411.png,"13,5"
image_5412.png,36
image_5413.png,TURKMENISTAN
image_5414.png,GEORGIA
image_5415.png,AT-ABRAY
image_5416.png,DD427G
image_5417.png,ПОРОЖНИЙ
image_5418.png,"0,00"
image_5419.png,"0,00"
image_5420.png,"7000,00"
image_5421.png,"7000,00"
image_5422.png,"13,5"
image_5423.png,37
image_5424.png,TURKMENISTAN
image_5425.png,GEORGIA
image_5426.png,AT-ABRAY
image_5427.png,DD394G
image_5428.png,ПОРОЖНИЙ
image_5429.png,"0,00"
image_5430.png,"0,00"
image_5431.png,"7000,00"
image_5432.png,"7000,00"
image_5433.png,"13,5"
image_5434.png,38
image_5435.png,TURKMENISTAN
image_5436.png,TURKEY
image_5437.png,AT-ABRAY
image_5438.png,31K7483
image_5439.png,ПОРОЖНИЙ
image_5440.png,"0,00"
image_5441.png,"0,00"
image_5442.png,"7000,00"
image_5443.png,"7000,00"
image_5444.png,"13,5"
image_5445.png,39
image_5446.png,TURKMENISTAN
image_5447.png,TURKEY
image_5448.png,AT-ABRAY
image_5449.png,38JD630
image_5450.png,ПОРОЖНИЙ
image_5451.png,"0,00"
image_5452.png,"0,00"
image_5453.png,"7000,00"
image_5454.png,"7000,00"
image_5455.png,"13,5"
image_5456.png,40
image_5457.png,TURKMENISTAN
image_5458.png,TURKEY
image_5459.png,AT-ABRAY
image_5460.png,38JL798
image_5461.png,ПОРОЖНИЙ
image_5462.png,"0,00"
image_5463.png,"0,00"
image_5464.png,"7000,00"
image_5465.png,"7000,00"
image_5466.png,"13,5"
image_5467.png,41
image_5468.png,TURKMENISTAN
image_5469.png,TURKEY
image_5470.png,AT-ABRAY
image_5471.png,76AAU275
image_5472.png,ПОРОЖНИЙ
image_5473.png,"0,00"
image_5474.png,"0,00"
image_5475.png,"7000,00"
image_5476.png,"7000,00"
image_5477.png,"13,5"
image_5478.png,42
image_5479.png,TURKMENISTAN
image_5480.png,TURKEY
image_5481.png,AT-ABRAY
image_5482.png,76AJ337
image_5483.png,ПОРОЖНИЙ
image_5484.png,"0,00"
image_5485.png,"0,00"
image_5486.png,"7000,00"
image_5487.png,"7000,00"
image_5488.png,"13,5"
image_5489.png,43
image_5490.png,TURKMENISTAN
image_5491.png,TURKEY
image_5492.png,MUHADOW ROWSEN
image_5493.png,4990TAG
image_5494.png,РАКОВИНА КЕРАМИЧЕСКАЯ С НОЖКОЙ
image_5495.png,"20928,00"
image_5496.png,"21633,00"
image_5497.png,"7000,00"
image_5498.png,"28633,00"
image_5499.png,"13,5"
image_5500.png,44
image_5501.png,TURKMENISTAN
image_5502.png,TURKEY
image_5503.png,ATAYEV BEGENCHMYRAT
image_5504.png,DB8922AG/AG3286TR
image_5505.png,COTTON YARN
image_5506.png,"22013,95"
image_5507.png,"22418,15"
image_5508.png,"14000,00"
image_5509.png,"36418,15"
image_5510.png,"16,5"
image_5511.png,45
image_5512.png,TURKMENISTAN
image_5513.png,TURKEY
image_5514.png,ASHYPOV
image_5515.png,SHY
image_5516.png,DG9598AG/AG2797TR
image_5517.png,COTTON YARN
image_5518.png,"21957,20"
image_5519.png,"22367,15"
image_5520.png,"14000,00"
image_5521.png,"36367,15"
image_5522.png,"16,5"
image_5523.png,46
image_5524.png,TURKMENISTAN
image_5525.png,TURKEY
image_5526.png,ORAZBERDIY
image_5527.png,IMAMYRAT
image_5528.png,BZ831OAG/AG2191TR
image_5529.png,SACKS COTTON YARN
image_5530.png,"22000,50"
image_5531.png,"22496,50"
image_5532.png,"14000,00"
image_5533.png,"36496,50"
image_5534.png,"16,5"
image_5535.png,47
image_5536.png,TURKMENISTAN
image_5537.png,TURKEY
image_5538.png,ANNABERDIYEY SHATLYI
image_5539.png,B83599AH/AH2660TR
image_5540.png,CLEANED COTTON WASTE
image_5541.png,"22793,00"
image_5542.png,"22897,00"
image_5543.png,"14000,00"
image_5544.png,"36897,00"
image_5545.png,"16,5"
image_5546.png,48
image_5547.png,AFGANISTAN
image_5548.png,TURKEY
image_5549.png,ANNAMYRADOV AZYM
image_5550.png,DF8373AG AG2148TR
image_5551.png,RAISINS
image_5552.png,"22500,00"
image_5553.png,"23512,50"
image_5554.png,"14000,00"
image_5555.png,"37512,50"
image_5556.png,"16,5"
image_5557.png,49
image_5558.png,TURKMENISTAN
image_5559.png,TURKEY
image_5560.png,PASHYKOV SHAGURBAN
image_5561.png,5321AHR/2155TAH
image_5562.png,CLEANED COTTON WASTE
image_5563.png,"22708,00"
image_5564.png,"22810,00"
image_5565.png,"14000,00"
image_5566.png,"36810,00"
image_5567.png,"16,5"
image_5568.png,50
image_5569.png,TURKMENISTAN
image_5570.png,TURKEY
image_5571.png,GYLYJOV BEGMUHAMMET
image_5572.png,BG8984BN/BN5729TR
image_5573.png,COTTON YARN
image_5574.png,"24000,00"
image_5575.png,"24851,00"
image_5576.png,"14000,00"
image_5577.png,"38851,00"
image_5578.png,"16,5"
image_5579.png,JEMI:50